item_code,category,item_name,unit,standard_price,min_price,max_price,status,source,aliases,is_active
DOOR-001,DOOR,صيانة باب الفرع,مقطوعية,572.0,200.0,1200.0,معتمد,أرشيف تاريخي 2023-2024,صيانة باب اخر، صيانة باب الشطر، صيانة باب الكاشير، صيانة مقبض باب الفرع، صيانة مقبضي باب الفرع,1
DOOR-002,DOOR,عود سيلينج للباب الزجاج,عدد,150.0,150.0,150.0,معتمد,أرشيف تاريخي 2023-2024,,1
DOOR-003,DOOR,صيانه لباب الفرع الزجاج,مقطوعية,620.0,400.0,1200.0,معتمد,أرشيف تاريخي 2023-2024,صيانة باب الفرع الزجاج، كالون للباب الفرع الزجاج,1
DOOR-004,DOOR,كالون باب الشطر,عدد,1750.0,500.0,4000.0,معتمد,أرشيف تاريخي 2023-2024,قلب كالون باب الفرع، كالون باب الفرع، كالون باب شطر,1
DOOR-005,DOOR,توريد وتغير مفصلة دلف,عدد,123.0,100.0,150.0,معتمد,أرشيف تاريخي 2023-2024,توريد وتغير مفصلات للدلف,1
DOOR-006,DOOR,صيانة باب المخزن,مقطوعية,267.0,200.0,400.0,معتمد,أرشيف تاريخي 2023-2024,,1
DOOR-007,DOOR,ماكينة باب ايطالي وعمل الصيانة الباب,مقطوعية,5000.0,5000.0,5000.0,معتمد,أرشيف تاريخي 2023-2024,,1
DOOR-008,DOOR,مفصلات للادراف وحدات الكونتر,مقطوعية,450.0,150.0,600.0,معتمد,أرشيف تاريخي 2023-2024,مفصلات الدلف بوحدات الكونتر,1
DOOR-009,DOOR,مفصلة دلف,عدد,150.0,150.0,150.0,معتمد,أرشيف تاريخي 2023-2024,مفصلات دلف,1
DOOR-010,DOOR,مقبض باب زجاج,عدد,583.0,100.0,850.0,معتمد,أرشيف تاريخي 2023-2024,مقبض الباب الزجاج,1
DOOR-011,DOOR,تثبيت ماكينة باب المخزن,عدد,300.0,200.0,400.0,معتمد,أرشيف تاريخي 2023-2024,,1
DOOR-012,DOOR,تسبيت دلف الواحدات+ وصيانة المفصلات,عدد,550.0,500.0,600.0,معتمد,أرشيف تاريخي 2023-2024,,1
DOOR-013,DOOR,صيان وتغير مقبض الباب المخزن,مقطوعية,350.0,300.0,400.0,معتمد,أرشيف تاريخي 2023-2024,صيان وتغير مقبض الباب الزجاج,1
DOOR-014,DOOR,صيانة الباب + الزجاج + تسبيت الوجهه,مقطوعية,400.0,300.0,500.0,معتمد,أرشيف تاريخي 2023-2024,صيانة الباب الزجاج + تسبيت الوجها الزجاج,1
DOOR-015,DOOR,صيانه باب H.R,عدد,325.0,300.0,350.0,معتمد,أرشيف تاريخي 2023-2024,,1
DOOR-016,DOOR,صيانه للباب الذجاج وتغير المفصلة,مقطوعية,1250.0,1000.0,1500.0,معتمد,أرشيف تاريخي 2023-2024,,1
DOOR-017,DOOR,كالون باب الفرع البوبة الرئيسية,عدد,900.0,800.0,1000.0,معتمد,أرشيف تاريخي 2023-2024,كالون شباك الفرع البوبة الرئيسية,1
DOOR-018,DOOR,كالون باب سكوريت,عدد,575.0,300.0,850.0,معتمد,أرشيف تاريخي 2023-2024,كالون باب سيكوريت,1
DOOR-019,DOOR,ماكينه غلق اوتمتك للباب الزجاج,مقطوعية,4250.0,4000.0,4500.0,معتمد,أرشيف تاريخي 2023-2024,ماكينه غلق اوتومتك للباب الزجاج,1
DOOR-020,DOOR,مقبض باب الجرار,عدد,425.0,150.0,700.0,معتمد,أرشيف تاريخي 2023-2024,,1
DOOR-021,DOOR,مقبض باب المخزن,عدد,525.0,250.0,800.0,معتمد,أرشيف تاريخي 2023-2024,طقم مقبض لباب المخزن,1
DOOR-022,DOOR,توريد وتغير مفصلة الباب السفلي,عدد,900.0,700.0,1000.0,معتمد,أرشيف تاريخي 2023-2024,توريد وتغير مفصلة باب الفرع,1
DOOR-023,DOOR,كالون حماية,عدد,367.0,50.0,1000.0,معتمد,أرشيف تاريخي 2023-2024,,1
DOOR-024,DOOR,الدهانات حول باب معدني,مقطوعية,400.0,400.0,400.0,معتمد,أرشيف تاريخي 2023-2024,,1
DOOR-025,DOOR,الصيانة الباب الشطر وعمل مايلزم,مقطوعية,2000.0,2000.0,2000.0,معتمد,أرشيف تاريخي 2023-2024,,1
DOOR-026,DOOR,باب زجاج لتغير الباب السابق,مقطوعية,400.0,400.0,400.0,معتمد,أرشيف تاريخي 2023-2024,,1
DOOR-027,DOOR,بادي باب شطر كامل بيكوتش والتربيس,مقطوعية,2000.0,2000.0,2000.0,معتمد,أرشيف تاريخي 2023-2024,,1
DOOR-028,DOOR,تجميع باب المخزن واعادة تركيبه,مقطوعية,200.0,200.0,200.0,معتمد,أرشيف تاريخي 2023-2024,,1
DOOR-029,DOOR,ترميم الباب الخلفي للفرع,مقطوعية,300.0,300.0,300.0,معتمد,أرشيف تاريخي 2023-2024,,1
DOOR-030,DOOR,ترميم ودهان الوحدة اعلي الباب الصاج,مقطوعية,1000.0,1000.0,1000.0,معتمد,أرشيف تاريخي 2023-2024,,1
DOOR-031,DOOR,تسبيت تلميع عتبة باب الفرع,مقطوعية,200.0,200.0,200.0,معتمد,أرشيف تاريخي 2023-2024,,1
DOOR-032,DOOR,تسبيت وزة الرخام بجانب باب السكريت,مقطوعية,300.0,300.0,300.0,معتمد,أرشيف تاريخي 2023-2024,,1
DOOR-033,DOOR,تصنيع وتوريد وتركيب باب الكونتر,عدد,2500.0,2500.0,2500.0,معتمد,أرشيف تاريخي 2023-2024,,1
DOOR-034,DOOR,تعديل لباب المخزن بعد تركيب الارضيات,مقطوعية,300.0,300.0,300.0,معتمد,أرشيف تاريخي 2023-2024,,1
DOOR-035,DOOR,تغير وتركيب مسمار مقبضي باب زجاج,عدد,1500.0,1500.0,1500.0,معتمد,أرشيف تاريخي 2023-2024,,1
DOOR-036,DOOR,تقفيل سيلكون عند برايز الهورمن,مقطوعية,300.0,300.0,300.0,معتمد,أرشيف تاريخي 2023-2024,,1
DOOR-037,DOOR,تم توريد وتركيب عود فرش باب زجاج,عدد,150.0,150.0,150.0,معتمد,أرشيف تاريخي 2023-2024,,1
DOOR-038,DOOR,توريد وتغير زمبلك باب شطر مع تركيب شريط جانبي للباب بالكامل جانب مع تعديل المجاري وتم عمل ما يلزم للبند لعدم حدوث اعطال اخري,مقطوعية,6500.0,6500.0,6500.0,معتمد,أرشيف تاريخي 2023-2024,,1
DOOR-039,DOOR,توريد وتغير مقبض باب الحمام,عدد,400.0,400.0,400.0,معتمد,أرشيف تاريخي 2023-2024,,1
DOOR-040,DOOR,دهان الخشب + باب المخزن اسود,مقطوعية,1000.0,1000.0,1000.0,معتمد,أرشيف تاريخي 2023-2024,,1
DOOR-041,DOOR,زنبلك لباب الفرع + باب المخزن,عدد,2000.0,2000.0,2000.0,معتمد,أرشيف تاريخي 2023-2024,,1
DOOR-042,DOOR,سنفر+دهان بسلر الجزاء السفلي لباب المخزن,مقطوعية,1000.0,1000.0,1000.0,معتمد,أرشيف تاريخي 2023-2024,,1
DOOR-043,DOOR,سوسته زمبالك باب شطر,مقطوعية,2800.0,2800.0,2800.0,معتمد,أرشيف تاريخي 2023-2024,,1
DOOR-044,DOOR,شريط بلاستك اسفل باب الفرع,مقطوعية,1000.0,1000.0,1000.0,معتمد,أرشيف تاريخي 2023-2024,,1
DOOR-045,DOOR,صداد باب الزجاج,عدد,600.0,600.0,600.0,معتمد,أرشيف تاريخي 2023-2024,,1
DOOR-046,DOOR,صيانة الأبواب الزجاجية وتغيير الملحقات اللازمة,مقطوعية,800.0,800.0,800.0,معتمد,أرشيف تاريخي 2023-2024,,1
DOOR-047,DOOR,صيانة الباب الشطر الفرع +صيانة الكالون,مقطوعية,600.0,600.0,600.0,معتمد,أرشيف تاريخي 2023-2024,,1
DOOR-048,DOOR,صيانة باب الزجاج وتسبيت,مقطوعية,500.0,500.0,500.0,معتمد,أرشيف تاريخي 2023-2024,,1
DOOR-049,DOOR,صيانة باب السكوريت وتعديل المفصلة,مقطوعية,500.0,500.0,500.0,معتمد,أرشيف تاريخي 2023-2024,,1
DOOR-050,DOOR,صيانة باب الفرع فتح وقفل,مقطوعية,400.0,400.0,400.0,معتمد,أرشيف تاريخي 2023-2024,,1
DOOR-051,DOOR,صيانة باب المخزن +سنفرة + دهان سلر,مقطوعية,500.0,500.0,500.0,معتمد,أرشيف تاريخي 2023-2024,,1
DOOR-052,DOOR,صيانة باب فرع هايبر جراج,مقطوعية,700.0,700.0,700.0,معتمد,أرشيف تاريخي 2023-2024,,1
DOOR-053,DOOR,صيانة دلف الفرع بالكامل + تركيب مفصلة,مقطوعية,800.0,800.0,800.0,معتمد,أرشيف تاريخي 2023-2024,,1
DOOR-054,DOOR,صيانة دلف المفصلة,عدد,100.0,100.0,100.0,معتمد,أرشيف تاريخي 2023-2024,,1
DOOR-055,DOOR,صيانة دلف خشب وتسبيت المفصلة,مقطوعية,300.0,300.0,300.0,معتمد,أرشيف تاريخي 2023-2024,,1
DOOR-056,DOOR,صيانة كالون باب المخزن + تغير لاصق شريط اسود,مقطوعية,200.0,200.0,200.0,معتمد,أرشيف تاريخي 2023-2024,,1
DOOR-057,DOOR,صيانة كالون وتركيبه غرفة أ/ابراهيم +حسابات,مقطوعية,200.0,200.0,200.0,معتمد,أرشيف تاريخي 2023-2024,,1
DOOR-058,DOOR,صيانة كالون وتركيبه غرفة أ/محمد كرم,مقطوعية,200.0,200.0,200.0,معتمد,أرشيف تاريخي 2023-2024,,1
DOOR-059,DOOR,صيانة مفصلة داخل المخزن,مقطوعية,200.0,200.0,200.0,معتمد,أرشيف تاريخي 2023-2024,,1
DOOR-060,DOOR,صيانة مفصلة دولاب تخزين,مقطوعية,500.0,500.0,500.0,معتمد,أرشيف تاريخي 2023-2024,,1
DOOR-061,DOOR,صيانة وتسبيت باب معدني خلف الفرع والعلوي,مقطوعية,1000.0,1000.0,1000.0,معتمد,أرشيف تاريخي 2023-2024,,1
DOOR-062,DOOR,صيانه الباب الزجاج,مقطوعية,650.0,600.0,700.0,معتمد,أرشيف تاريخي 2023-2024,صيانة الباب الزجاج للفرع,1
DOOR-063,DOOR,صيانه ومرجعة لابواب الدور الثاني قسم ال اتش ار,عدد,200.0,200.0,200.0,معتمد,أرشيف تاريخي 2023-2024,,1
DOOR-064,DOOR,طبلة الباب الزجاج,عدد,300.0,300.0,300.0,معتمد,أرشيف تاريخي 2023-2024,,1
DOOR-065,DOOR,طقم باب زجاج فرنساوي +لقمة جرار,مقطوعية,1500.0,1500.0,1500.0,معتمد,أرشيف تاريخي 2023-2024,,1
DOOR-066,DOOR,طقم كالون خاطف,عدد,250.0,250.0,250.0,معتمد,أرشيف تاريخي 2023-2024,,1
DOOR-067,DOOR,طقم كالون فندقي,عدد,1000.0,1000.0,1000.0,معتمد,أرشيف تاريخي 2023-2024,,1
DOOR-068,DOOR,طقم كالون كامل,عدد,650.0,650.0,650.0,معتمد,أرشيف تاريخي 2023-2024,,1
DOOR-069,DOOR,طقم مفصلة جرار,عدد,200.0,200.0,200.0,معتمد,أرشيف تاريخي 2023-2024,,1
DOOR-070,DOOR,طقم مفصلة سوستة,عدد,150.0,150.0,150.0,معتمد,أرشيف تاريخي 2023-2024,,1
DOOR-071,DOOR,طقم مفصلة فراشة لباب المخزن,عدد,1325.0,1000.0,1650.0,معتمد,أرشيف تاريخي 2023-2024,,1
DOOR-072,DOOR,عدد كالون درج +مقبض استيل,مقطوعية,1650.0,1650.0,1650.0,معتمد,أرشيف تاريخي 2023-2024,,1
DOOR-073,DOOR,عود حديد سم لدلف باب الترولي,مقطوعية,1000.0,1000.0,1000.0,معتمد,أرشيف تاريخي 2023-2024,,1
DOOR-074,DOOR,عود سيلنج لباب السكوريت,مقطوعية,200.0,200.0,200.0,معتمد,أرشيف تاريخي 2023-2024,,1
DOOR-075,DOOR,عود فرش باب الزجاج,عدد,150.0,150.0,150.0,معتمد,أرشيف تاريخي 2023-2024,,1
DOOR-076,DOOR,فك الباب الزجاج وتركيبه وعمل الصيانة اللازمه للباب,مقطوعية,1000.0,1000.0,1000.0,معتمد,أرشيف تاريخي 2023-2024,,1
DOOR-077,DOOR,فك الباب الشطر وتم الصيانة اللازمة وإعادة تركب,مقطوعية,2000.0,2000.0,2000.0,معتمد,أرشيف تاريخي 2023-2024,,1
DOOR-078,DOOR,فك الجبس لصيانه الباب وتوريد وتركيب لوح جبس جديد وترميم مكان العمل بالدهانات,مقطوعية,2000.0,2000.0,2000.0,معتمد,أرشيف تاريخي 2023-2024,,1
DOOR-079,DOOR,فك الوحده اعلي الباب وإعادة تركبها بعد عمل الصيانة,مقطوعية,1000.0,1000.0,1000.0,معتمد,أرشيف تاريخي 2023-2024,,1
DOOR-080,DOOR,فك وصيانة وتركيب كالون,مقطوعية,300.0,300.0,300.0,معتمد,أرشيف تاريخي 2023-2024,,1
DOOR-081,DOOR,قطعة خشب اسفل باب الحمام,مقطوعية,200.0,200.0,200.0,معتمد,أرشيف تاريخي 2023-2024,,1
DOOR-082,DOOR,كالون الباب الصاج,عدد,600.0,600.0,600.0,معتمد,أرشيف تاريخي 2023-2024,,1
DOOR-083,DOOR,كالون باب حمام,مقطوعية,700.0,700.0,700.0,معتمد,أرشيف تاريخي 2023-2024,,1
DOOR-084,DOOR,كالون تركي,عدد,850.0,850.0,850.0,معتمد,أرشيف تاريخي 2023-2024,,1
DOOR-085,DOOR,كالون حماية باب الفرع,عدد,1000.0,1000.0,1000.0,معتمد,أرشيف تاريخي 2023-2024,,1
DOOR-086,DOOR,كالون دلفه وحده مدفع تتش,عدد,250.0,250.0,250.0,معتمد,أرشيف تاريخي 2023-2024,,1
DOOR-087,DOOR,كالون غرفة H R,عدد,200.0,200.0,200.0,معتمد,أرشيف تاريخي 2023-2024,,1
DOOR-088,DOOR,كالون وحدات الادرج,مقطوعية,2400.0,2400.0,2400.0,معتمد,أرشيف تاريخي 2023-2024,,1
DOOR-089,DOOR,كالون وحدات الشانون,مقطوعية,3120.0,3120.0,3120.0,معتمد,أرشيف تاريخي 2023-2024,,1
DOOR-090,DOOR,لحام شريط اسود لحلق اعلي الباب+لحام ارفف,متر طولي,50.0,50.0,50.0,معتمد,أرشيف تاريخي 2023-2024,,1
DOOR-091,DOOR,ماكينه غلق باب الزجاج,عدد,500.0,500.0,500.0,معتمد,أرشيف تاريخي 2023-2024,,1
DOOR-092,DOOR,مفصلات دلف الكونتر +الورم,عدد,120.0,120.0,120.0,معتمد,أرشيف تاريخي 2023-2024,,1
DOOR-093,DOOR,مفصلات لدلف الترولي,عدد,700.0,400.0,1000.0,معتمد,أرشيف تاريخي 2023-2024,,1
DOOR-094,DOOR,مفصلات لي الدلف,عدد,200.0,200.0,200.0,معتمد,أرشيف تاريخي 2023-2024,,1
DOOR-095,DOOR,مفصلة,عدد,125.0,125.0,125.0,معتمد,أرشيف تاريخي 2023-2024,,1
DOOR-096,DOOR,مفصلة ترولي,عدد,300.0,300.0,300.0,معتمد,أرشيف تاريخي 2023-2024,,1
DOOR-097,DOOR,مفصلة دلف الخشب,عدد,120.0,120.0,120.0,معتمد,أرشيف تاريخي 2023-2024,,1
DOOR-098,DOOR,مفصلة ركبة لدلف الجزيره,عدد,100.0,100.0,100.0,معتمد,أرشيف تاريخي 2023-2024,,1
DOOR-099,DOOR,مفصلة عادة,عدد,120.0,120.0,120.0,معتمد,أرشيف تاريخي 2023-2024,,1
DOOR-100,DOOR,مفصلة علوي + سفلي,عدد,1000.0,1000.0,1000.0,معتمد,أرشيف تاريخي 2023-2024,,1
DOOR-101,DOOR,مفصلة لادراف الوحدات الخشبيه,عدد,100.0,100.0,100.0,معتمد,أرشيف تاريخي 2023-2024,,1
DOOR-102,DOOR,مفصلة للادراف,مقطوعية,1250.0,1250.0,1250.0,معتمد,أرشيف تاريخي 2023-2024,,1
DOOR-103,DOOR,مفصلة نص ركبة,عدد,100.0,100.0,100.0,معتمد,أرشيف تاريخي 2023-2024,,1
DOOR-104,DOOR,مفصلة وحدة تخزين,عدد,,,,معتمد,أرشيف تاريخي 2023-2024,,1
DOOR-105,DOOR,مفصله باب زجاج سفليه,مقطوعية,750.0,750.0,750.0,معتمد,أرشيف تاريخي 2023-2024,,1
DOOR-106,DOOR,مقبض اباب المخزن الرئيسي,مقطوعية,350.0,350.0,350.0,معتمد,أرشيف تاريخي 2023-2024,,1
DOOR-107,DOOR,مقبض باب,عدد,750.0,750.0,750.0,معتمد,أرشيف تاريخي 2023-2024,,1
DOOR-108,DOOR,نهايه باب سكوريت,عدد,800.0,800.0,800.0,معتمد,أرشيف تاريخي 2023-2024,,1
DOOR-109,DOOR,وحدة رفع الباب الخارجي وعمل مالزم البند,مقطوعية,2500.0,2500.0,2500.0,معتمد,أرشيف تاريخي 2023-2024,,1
DOOR-110,DOOR,وش كالون باب المخزن,عدد,700.0,700.0,700.0,معتمد,أرشيف تاريخي 2023-2024,,1
DOOR-111,DOOR,صيانة الباب المصفح غرفة H.R,مقطوعية,300.0,300.0,300.0,معتمد,أرشيف تاريخي 2023-2024,,1
DOOR-112,DOOR,صيانة باب الفرع + تغير لقمة الحامل,عدد,800.0,800.0,800.0,معتمد,أرشيف تاريخي 2023-2024,,1
DOOR-113,DOOR,صيانه باب الكونتر,مقطوعية,,,,معتمد,أرشيف تاريخي 2023-2024,,1
DOOR-114,DOOR,عدد ورقة باب صاج إيطالي م,مقطوعية,4000.0,4000.0,4000.0,معتمد,أرشيف تاريخي 2023-2024,,1
DOOR-115,DOOR,كالون سكريت استندر,عدد,1200.0,1200.0,1200.0,معتمد,أرشيف تاريخي 2023-2024,,1
DOOR-116,DOOR,مقبض باب زجاج مقاس وسط حرف C,عدد,1000.0,1000.0,1000.0,معتمد,أرشيف تاريخي 2023-2024,,1
MISC-001,MISC,زوية,مقطوعية,1717.0,150.0,4000.0,معتمد,أرشيف تاريخي 2023-2024,زاوية,1
MISC-002,MISC,شريط لاصق اسود,متر طولي,50.0,50.0,50.0,معتمد,أرشيف تاريخي 2023-2024,شريط لاصق اسود م,1
MISC-003,MISC,عود دكت,عدد,200.0,150.0,250.0,معتمد,أرشيف تاريخي 2023-2024,,1
MISC-004,MISC,تثبيت القعده وعمل مايلزم,عدد,300.0,200.0,400.0,معتمد,أرشيف تاريخي 2023-2024,,1
MISC-005,MISC,رجل استلس,عدد,150.0,100.0,200.0,معتمد,أرشيف تاريخي 2023-2024,رجل استيل,1
MISC-006,MISC,للنجاره الفرع بالكامل وتم تغير الاكسسوارات اللازمه,عدد,350.0,300.0,400.0,معتمد,أرشيف تاريخي 2023-2024,,1
MISC-007,MISC,لوح ابلا كاش,عدد,900.0,500.0,1300.0,معتمد,أرشيف تاريخي 2023-2024,لوح ابلاكاش,1
MISC-008,MISC,وتغير لاصق شريط اسود,متر طولي,50.0,50.0,50.0,معتمد,أرشيف تاريخي 2023-2024,,1
MISC-009,MISC,ابلكاش للجزيرة MDf,مقطوعية,250.0,250.0,250.0,معتمد,أرشيف تاريخي 2023-2024,,1
MISC-010,MISC,اسبوت دبلة,عدد,200.0,200.0,200.0,معتمد,أرشيف تاريخي 2023-2024,,1
MISC-011,MISC,اسبوت دبلة ورم,عدد,300.0,300.0,300.0,معتمد,أرشيف تاريخي 2023-2024,,1
MISC-012,MISC,اسبوت ورم دبلة,عدد,250.0,250.0,250.0,معتمد,أرشيف تاريخي 2023-2024,,1
MISC-013,MISC,اكليريك,عدد,350.0,350.0,350.0,معتمد,أرشيف تاريخي 2023-2024,,1
MISC-014,MISC,السويدي,مقطوعية,1000.0,1000.0,1000.0,معتمد,أرشيف تاريخي 2023-2024,,1
MISC-015,MISC,الفحص و التفتيش على انزارالحريق وتسليم شهاده السلامة المهنية,عدد,1000.0,1000.0,1000.0,معتمد,أرشيف تاريخي 2023-2024,,1
MISC-016,MISC,بالعداد -تم توريد وتركيب زوية تسبيت رف الورم,عدد,150.0,150.0,150.0,معتمد,أرشيف تاريخي 2023-2024,,1
MISC-017,MISC,بالمتر المسطح توريد وتركيب سيرميك للأرضيات المخزن فرز تاني والسعر يشمل التشوين والخامات المستخدمه وكل مايلزم للبند,مقطوعية,15000.0,15000.0,15000.0,معتمد,أرشيف تاريخي 2023-2024,,1
MISC-018,MISC,بالمتر مسطح-تم توريد وتركيب جبس بورد,متر مربع,400.0,400.0,400.0,معتمد,أرشيف تاريخي 2023-2024,,1
MISC-019,MISC,بواط,عدد,150.0,150.0,150.0,معتمد,أرشيف تاريخي 2023-2024,,1
MISC-020,MISC,بواط مانع مائي,عدد,150.0,150.0,150.0,معتمد,أرشيف تاريخي 2023-2024,,1
MISC-021,MISC,تركيبات متنوعه للاشياء المطلوبه من قبل السكرتريه,مقطوعية,1000.0,1000.0,1000.0,معتمد,أرشيف تاريخي 2023-2024,,1
MISC-022,MISC,تسبيت استندات المخزن والمرجعة عليه بالكامل,مقطوعية,600.0,600.0,600.0,معتمد,أرشيف تاريخي 2023-2024,,1
MISC-023,MISC,تطويل السماعات,مقطوعية,300.0,300.0,300.0,معتمد,أرشيف تاريخي 2023-2024,,1
MISC-024,MISC,تغير مكان لوحة الاسعار,مقطوعية,300.0,300.0,300.0,معتمد,أرشيف تاريخي 2023-2024,,1
MISC-025,MISC,تقفيل فاتحة المخزن بالفوم+السيلكون,مقطوعية,300.0,300.0,300.0,معتمد,أرشيف تاريخي 2023-2024,,1
MISC-026,MISC,تقفيل قاتحة في السقف,مقطوعية,300.0,300.0,300.0,معتمد,أرشيف تاريخي 2023-2024,,1
MISC-027,MISC,تقوية الهورمون الايمن,مقطوعية,,,,معتمد,أرشيف تاريخي 2023-2024,,1
MISC-028,MISC,تكية رف,عدد,50.0,50.0,50.0,معتمد,أرشيف تاريخي 2023-2024,,1
MISC-029,MISC,تلميع وش الهورمون,مقطوعية,,,,معتمد,أرشيف تاريخي 2023-2024,,1
MISC-030,MISC,توريد مستلزمات الكهلرباء لقسم الصيانه بمصنع العاشر,مقطوعية,19220.0,19220.0,19220.0,معتمد,أرشيف تاريخي 2023-2024,,1
MISC-031,MISC,توريد وتغير حرف u لليفطة,عدد,1000.0,1000.0,1000.0,معتمد,أرشيف تاريخي 2023-2024,,1
MISC-032,MISC,توريد وتغير مقبضي استلس,عدد,150.0,150.0,150.0,معتمد,أرشيف تاريخي 2023-2024,,1
MISC-033,MISC,توصيل لخط التليفون الأرضي,مقطوعية,400.0,400.0,400.0,معتمد,أرشيف تاريخي 2023-2024,,1
MISC-034,MISC,تي /BR,عدد,1200.0,1200.0,1200.0,معتمد,أرشيف تاريخي 2023-2024,,1
MISC-035,MISC,جهاز صابون سائل دخل الحمام,مقطوعية,250.0,250.0,250.0,معتمد,أرشيف تاريخي 2023-2024,,1
MISC-036,MISC,جهاز معطر,عدد,100.0,100.0,100.0,معتمد,أرشيف تاريخي 2023-2024,,1
MISC-037,MISC,حساب الحداد,مقطوعية,900.0,900.0,900.0,معتمد,أرشيف تاريخي 2023-2024,,1
MISC-038,MISC,حساب تعديلات الجبسمبورد,مقطوعية,1000.0,1000.0,1000.0,معتمد,أرشيف تاريخي 2023-2024,,1
MISC-039,MISC,خط تغذيه للحمام من الخارج بطول م,مقطوعية,3000.0,3000.0,3000.0,معتمد,أرشيف تاريخي 2023-2024,,1
MISC-040,MISC,زر استيل للفواصل,عدد,300.0,300.0,300.0,معتمد,أرشيف تاريخي 2023-2024,,1
MISC-041,MISC,ستارة بلاستك,عدد,1200.0,1200.0,1200.0,معتمد,أرشيف تاريخي 2023-2024,,1
MISC-042,MISC,سقف الوجها وتثبيت,مقطوعية,500.0,500.0,500.0,معتمد,أرشيف تاريخي 2023-2024,,1
MISC-043,MISC,شريط اسود لاصق,مقطوعية,200.0,200.0,200.0,معتمد,أرشيف تاريخي 2023-2024,,1
MISC-044,MISC,صيانات وحدات التخزين الموجود بالفرع بالكامل,مقطوعية,1000.0,1000.0,1000.0,معتمد,أرشيف تاريخي 2023-2024,,1
MISC-045,MISC,صيانة البولات الخاصة بالبن,مقطوعية,300.0,300.0,300.0,معتمد,أرشيف تاريخي 2023-2024,,1
MISC-046,MISC,صيانة بريز بجانب الكاشير,عدد,150.0,150.0,150.0,معتمد,أرشيف تاريخي 2023-2024,,1
MISC-047,MISC,صيانة ستارة المكتب,عدد,300.0,300.0,300.0,معتمد,أرشيف تاريخي 2023-2024,,1
MISC-048,MISC,صيانة وتسبيت ارفاف المخزن,مقطوعية,500.0,500.0,500.0,معتمد,أرشيف تاريخي 2023-2024,,1
MISC-049,MISC,صيانه لستاره الهواء - فك وتركيب ومراجعه علي البند,مقطوعية,700.0,400.0,1000.0,معتمد,أرشيف تاريخي 2023-2024,صيانه لستاره الهواء - فك وتركيب ومراجعه علي البند عدد ستاره,1
MISC-050,MISC,صيانه للسباكه ومراجعه علي الوصلات وعمل مايلزم,عدد,500.0,500.0,500.0,معتمد,أرشيف تاريخي 2023-2024,,1
MISC-051,MISC,صيانه لليفطة وإعادة اينارتها,مقطوعية,700.0,700.0,700.0,معتمد,أرشيف تاريخي 2023-2024,,1
MISC-052,MISC,صيانه وبرمجة لوحة انذار الحريق,مقطوعية,400.0,400.0,400.0,معتمد,أرشيف تاريخي 2023-2024,,1
MISC-053,MISC,طقم جرار درج مرحلتين,مقطوعية,800.0,800.0,800.0,معتمد,أرشيف تاريخي 2023-2024,,1
MISC-054,MISC,طقم جرار درج مرحلتين فرع المناره,مقطوعية,800.0,800.0,800.0,معتمد,أرشيف تاريخي 2023-2024,,1
MISC-055,MISC,طقم شمعات فليتر تانك مرحله,مقطوعية,600.0,600.0,600.0,معتمد,أرشيف تاريخي 2023-2024,,1
MISC-056,MISC,طقم كعب استلس,عدد,300.0,300.0,300.0,معتمد,أرشيف تاريخي 2023-2024,,1
MISC-057,MISC,طقم مفتاح للمخزن,عدد,400.0,400.0,400.0,معتمد,أرشيف تاريخي 2023-2024,,1
MISC-058,MISC,عدد -تم توريد وتركيب زوية للكاشير مقاس,عدد,200.0,200.0,200.0,معتمد,أرشيف تاريخي 2023-2024,,1
MISC-059,MISC,عمال صيانه لوحدات تخزين الملفات وتغير الاكسسوارت اللازمه لعدد وحده,مقطوعية,3000.0,3000.0,3000.0,معتمد,أرشيف تاريخي 2023-2024,,1
MISC-060,MISC,عود استلس,متر طولي,300.0,300.0,300.0,معتمد,أرشيف تاريخي 2023-2024,,1
MISC-061,MISC,عود دكت وظبط مسار الاسلاك,مقطوعية,500.0,500.0,500.0,معتمد,أرشيف تاريخي 2023-2024,,1
MISC-062,MISC,عود فرش,عدد,1500.0,1500.0,1500.0,معتمد,أرشيف تاريخي 2023-2024,,1
MISC-063,MISC,عود مجره المنيوم جرار,مقطوعية,500.0,500.0,500.0,معتمد,أرشيف تاريخي 2023-2024,,1
MISC-064,MISC,فك وحدات واستراد التالف وإعادة تجميعها,مقطوعية,300.0,300.0,300.0,معتمد,أرشيف تاريخي 2023-2024,,1
MISC-065,MISC,فليتر تانك مرحله,مقطوعية,2000.0,2000.0,2000.0,معتمد,أرشيف تاريخي 2023-2024,,1
MISC-066,MISC,قاعدة في الحمام تم نقلها من المقر,عدد,500.0,500.0,500.0,معتمد,أرشيف تاريخي 2023-2024,,1
MISC-067,MISC,قطعة كلادينج,مقطوعية,1000.0,1000.0,1000.0,معتمد,أرشيف تاريخي 2023-2024,,1
MISC-068,MISC,قطعه نيكل طبه للسقف اعلي السلم,عدد,200.0,200.0,200.0,معتمد,أرشيف تاريخي 2023-2024,,1
MISC-069,MISC,كالو وحدات جانبيه,مقطوعية,1200.0,1200.0,1200.0,معتمد,أرشيف تاريخي 2023-2024,,1
MISC-070,MISC,كبل نت كات بريميم لاين,مقطوعية,1080.0,1080.0,1080.0,معتمد,أرشيف تاريخي 2023-2024,,1
MISC-071,MISC,لمبه اناره بالمخزن والسعر يشمل قاعده اللمبه والتوصيل ودكت المسار,مقطوعية,2000.0,2000.0,2000.0,معتمد,أرشيف تاريخي 2023-2024,,1
MISC-072,MISC,لوح جبس بالمخزن,مقطوعية,500.0,500.0,500.0,معتمد,أرشيف تاريخي 2023-2024,,1
MISC-073,MISC,لوحة اسعار,عدد,1500.0,1500.0,1500.0,معتمد,أرشيف تاريخي 2023-2024,,1
MISC-074,MISC,ماكينة غلق اوتمتك للمخازن تركي,عدد,2000.0,2000.0,2000.0,معتمد,أرشيف تاريخي 2023-2024,,1
MISC-075,MISC,مدفع خزنه تتش,عدد,250.0,250.0,250.0,معتمد,أرشيف تاريخي 2023-2024,,1
MISC-076,MISC,مفتاح انارة سانش,عدد,300.0,300.0,300.0,معتمد,أرشيف تاريخي 2023-2024,,1
MISC-077,MISC,مفصله درف الوحدات,مقطوعية,1200.0,1200.0,1200.0,معتمد,أرشيف تاريخي 2023-2024,,1
MISC-078,MISC,مفصله علوي وسفلي,عدد,700.0,700.0,700.0,معتمد,أرشيف تاريخي 2023-2024,,1
MISC-079,MISC,مكينة غلق اوتمتك وتم تغيرها بسبب سوء استخدم,عدد,2000.0,2000.0,2000.0,معتمد,أرشيف تاريخي 2023-2024,,1
MISC-080,MISC,نقل الكاميرا,عدد,250.0,250.0,250.0,معتمد,أرشيف تاريخي 2023-2024,,1
MISC-081,MISC,هيدر,عدد,350.0,350.0,350.0,معتمد,أرشيف تاريخي 2023-2024,,1
MISC-082,MISC,وتم عمل اختبار وتسليم إدارة المول,غير محدد,,,,معتمد,أرشيف تاريخي 2023-2024,,1
MISC-083,MISC,وحدة تخزين للبرستة,متر مكعب,8000.0,8000.0,8000.0,معتمد,أرشيف تاريخي 2023-2024,,1
MISC-084,MISC,ورقة استلس للمنديل دخل الحمام,مقطوعية,300.0,300.0,300.0,معتمد,أرشيف تاريخي 2023-2024,,1
MISC-085,MISC,بالمتر المسطح توريد وتركيب ارضيه نجيله صناعي والبند يشمل مواد اللاصق وكافه مايلزم لحين الانتهاء,مقطوعية,13200.0,13200.0,13200.0,معتمد,أرشيف تاريخي 2023-2024,,1
MISC-086,MISC,بوط لكاميرة,عدد,150.0,150.0,150.0,معتمد,أرشيف تاريخي 2023-2024,,1
MISC-087,MISC,تثبيت سقف المخزن وتركيب عود زاويه,مقطوعية,600.0,600.0,600.0,معتمد,أرشيف تاريخي 2023-2024,,1
MISC-088,MISC,تثبيت عدد كامره مراقبه,مقطوعية,300.0,300.0,300.0,معتمد,أرشيف تاريخي 2023-2024,,1
MISC-089,MISC,تسبيت القعدة بالسمنت واعدة وتركبيها,مقطوعية,300.0,300.0,300.0,معتمد,أرشيف تاريخي 2023-2024,,1
MISC-090,MISC,تسبيت وحدة استندا,مقطوعية,300.0,300.0,300.0,معتمد,أرشيف تاريخي 2023-2024,,1
MISC-091,MISC,صيانه الكاشر,مقطوعية,1500.0,1500.0,1500.0,معتمد,أرشيف تاريخي 2023-2024,,1
MISC-092,MISC,صيانه وتقوية وش التلاجة,مقطوعية,1200.0,1200.0,1200.0,معتمد,أرشيف تاريخي 2023-2024,,1
MISC-093,MISC,صيانه وتقوية وش الورم,مقطوعية,1000.0,1000.0,1000.0,معتمد,أرشيف تاريخي 2023-2024,,1
MISC-094,MISC,صيانه وحدة الميزان,مقطوعية,,,,معتمد,أرشيف تاريخي 2023-2024,,1
METL-001,METL,تسبيت السلم الحديد,مقطوعية,300.0,300.0,300.0,معتمد,أرشيف تاريخي 2023-2024,,1
METL-002,METL,تعديل و تركيب لوحة أسعار + استند حديد,مقطوعية,500.0,500.0,500.0,معتمد,أرشيف تاريخي 2023-2024,,1
METL-003,METL,صيانة الباركية وتقفيل الحامات فوم وتركيب فرمه استلس,مقطوعية,1000.0,1000.0,1000.0,معتمد,أرشيف تاريخي 2023-2024,,1
METL-004,METL,عمل لحام الجانب الأيمن من الوحدة بالسليكون,مقطوعية,500.0,500.0,500.0,معتمد,أرشيف تاريخي 2023-2024,,1
METL-005,METL,لحام الواحدة الخلفية بالكاشير,مقطوعية,200.0,200.0,200.0,معتمد,أرشيف تاريخي 2023-2024,,1
METL-006,METL,لحام واحد بوله بن,مقطوعية,300.0,300.0,300.0,معتمد,أرشيف تاريخي 2023-2024,,1
CONS-001,CONS,مفصله لدرف وحدات الكونتر مع عمل الصيانات للباقي الوحدات,مقطوعية,900.0,800.0,1000.0,معتمد,أرشيف تاريخي 2023-2024,,1
CONS-002,CONS,قطع الكونتر,عدد,150.0,150.0,150.0,معتمد,أرشيف تاريخي 2023-2024,,1
CONS-003,CONS,كاوتش بجوار فاتحة الكونتر,مقطوعية,200.0,200.0,200.0,معتمد,أرشيف تاريخي 2023-2024,,1
CONS-004,CONS,وحده تخزين مطابقه لموصفات وحدات الكونتر بالمحلات مقاس,مقطوعية,16000.0,16000.0,16000.0,معتمد,أرشيف تاريخي 2023-2024,,1
SAFE-001,SAFE,صيانة لوحة الفاير وإعادة البرمجة,مقطوعية,686.0,300.0,1200.0,معتمد,أرشيف تاريخي 2023-2024,عمل صيانة لوحة الفاير وتم إعادة البرمجة,1
SAFE-002,SAFE,إعادة برمجة لوحة الفاير,مقطوعية,1500.0,1500.0,1500.0,معتمد,أرشيف تاريخي 2023-2024,,1
SAFE-003,SAFE,طفاية حريق كيلو COبافاريا,عدد,4833.0,2900.0,5800.0,معتمد,أرشيف تاريخي 2023-2024,طفاية حريق كيلو COبافاريا فينكس، طفاية حريق كيلو بودره بافاريا,1
SAFE-004,SAFE,لوحة خروج,عدد,1000.0,1000.0,1000.0,معتمد,أرشيف تاريخي 2023-2024,,1
SAFE-005,SAFE,شهادة السلامه المهانيه,مقطوعية,1000.0,1000.0,1000.0,معتمد,أرشيف تاريخي 2023-2024,,1
SAFE-006,SAFE,صيانة الكارتة لوحة الفاير,مقطوعية,3500.0,3500.0,3500.0,معتمد,أرشيف تاريخي 2023-2024,,1
SAFE-007,SAFE,صيانه لوحة الفاير وتم استلم المول,مقطوعية,1500.0,1500.0,1500.0,معتمد,أرشيف تاريخي 2023-2024,,1
SAFE-008,SAFE,عمل صيانة لوحة الفاير عمل نظافة الحساس وتم تسليم المول,مقطوعية,1200.0,1200.0,1200.0,معتمد,أرشيف تاريخي 2023-2024,,1
SAFE-009,SAFE,عمل صيانة لوحة الفاير وتسلم شهادة ضمان سلامة الغذاء,مقطوعية,1000.0,1000.0,1000.0,معتمد,أرشيف تاريخي 2023-2024,,1
SAFE-010,SAFE,فتحة للوحة الكهرباء لطفاية الحريق,مقطوعية,200.0,200.0,200.0,معتمد,أرشيف تاريخي 2023-2024,,1
SAFE-011,SAFE,لوحة E IT مضياه والسعر يشمل التوصيلات,عدد,1000.0,1000.0,1000.0,معتمد,أرشيف تاريخي 2023-2024,,1
SAFE-012,SAFE,لوحة الفاير,مقطوعية,300.0,300.0,300.0,معتمد,أرشيف تاريخي 2023-2024,,1
COOL-001,COOL,صيانة مقبض الثلاجة,مقطوعية,250.0,200.0,300.0,معتمد,أرشيف تاريخي 2023-2024,صيانة باب الثلاجة,1
COOL-002,COOL,دهان وش الثلاجة + سنفرة+ دهان بالسلر,متر طولي,1000.0,1000.0,1000.0,معتمد,أرشيف تاريخي 2023-2024,,1
COOL-003,COOL,صيانة وضبط وحداة الثلاجة,مقطوعية,300.0,300.0,300.0,معتمد,أرشيف تاريخي 2023-2024,,1
COOL-004,COOL,لاصق شريط اسود لثلاجة,مقطوعية,200.0,200.0,200.0,معتمد,أرشيف تاريخي 2023-2024,,1
COOL-005,COOL,محبس زوية للثلاجة المياه,عدد,300.0,300.0,300.0,معتمد,أرشيف تاريخي 2023-2024,,1
COOL-006,COOL,نقل وتركيب وش وحدة الثلاجة + الدهان,مقطوعية,1000.0,1000.0,1000.0,معتمد,أرشيف تاريخي 2023-2024,,1
COOL-007,COOL,صيانة ثلاجة المجففات وتغير الكابلات الخلفية,مقطوعية,650.0,650.0,650.0,معتمد,أرشيف تاريخي 2023-2024,,1
HVAC-001,HVAC,نظافة ستارة الهواء,مقطوعية,320.0,300.0,500.0,معتمد,أرشيف تاريخي 2023-2024,,1
HVAC-002,HVAC,تراك مروحة,عدد,625.0,400.0,850.0,معتمد,أرشيف تاريخي 2023-2024,,1
HVAC-003,HVAC,توريد وتغير ستارة هواء مقاس,عدد,7000.0,7000.0,7000.0,معتمد,أرشيف تاريخي 2023-2024,,1
HVAC-004,HVAC,ترميم ثقب بجانب خرطوم التكيف,مقطوعية,200.0,200.0,200.0,معتمد,أرشيف تاريخي 2023-2024,,1
HVAC-005,HVAC,تقوية شاسيه التكيف بالزواية الحديد عدد,مقطوعية,600.0,600.0,600.0,معتمد,أرشيف تاريخي 2023-2024,,1
HVAC-006,HVAC,تنظافة تكيف,مقطوعية,1000.0,1000.0,1000.0,معتمد,أرشيف تاريخي 2023-2024,,1
HVAC-007,HVAC,جرله علي الوجهة لتكيف مقاس,عدد,1500.0,1500.0,1500.0,معتمد,أرشيف تاريخي 2023-2024,,1
HVAC-008,HVAC,شاسيه معدني لحماية الوحدات الخارجيه للتكيفات,مقطوعية,15000.0,15000.0,15000.0,معتمد,أرشيف تاريخي 2023-2024,,1
HVAC-009,HVAC,شحن فريون لتكيف,مقطوعية,,,,معتمد,أرشيف تاريخي 2023-2024,,1
HVAC-010,HVAC,شفاط فريش للحمام,عدد,1200.0,1200.0,1200.0,معتمد,أرشيف تاريخي 2023-2024,,1
HVAC-011,HVAC,صيانة ستارة الهواء,مقطوعية,650.0,300.0,1000.0,معتمد,أرشيف تاريخي 2023-2024,,1
HVAC-012,HVAC,صيانة ستارة الهواء + نظافة,مقطوعية,300.0,300.0,300.0,معتمد,أرشيف تاريخي 2023-2024,,1
HVAC-013,HVAC,صيانة ستارة الهواء واعادة تركبها,عدد,500.0,500.0,500.0,معتمد,أرشيف تاريخي 2023-2024,,1
HVAC-014,HVAC,صيانه التكيفات تنظيف وشحن فريون,مقطوعية,4500.0,4500.0,4500.0,معتمد,أرشيف تاريخي 2023-2024,,1
HVAC-015,HVAC,صيانه تكيف + تنظيف,عدد,300.0,300.0,300.0,معتمد,أرشيف تاريخي 2023-2024,,1
HVAC-016,HVAC,مراجعة دهان الفرع +صنفرخشب الوجها بعد صيانه التكيفات,مقطوعية,1000.0,1000.0,1000.0,معتمد,أرشيف تاريخي 2023-2024,,1
HVAC-017,HVAC,صيانة الشفاط,مقطوعية,200.0,200.0,200.0,معتمد,أرشيف تاريخي 2023-2024,,1
PANT-001,PANT,دهان الفرع بالكامل وش نظافة,مقطوعية,2117.0,200.0,5000.0,معتمد,أرشيف تاريخي 2023-2024,دهان المخزن بالكامل وش نظافة,1
PANT-002,PANT,دهان الفرع وش نظافة بالكامل,مقطوعية,3200.0,2000.0,5000.0,معتمد,أرشيف تاريخي 2023-2024,دهان الفرع وش نظافة + مرمات بالكامل، دهان الفرع وش نظافة بالكامل +الوجهه، دهان الفرع وش نظافة بالكامل+المخزن,1
PANT-003,PANT,دهان الوجه وش نظافة,مقطوعية,1240.0,200.0,2000.0,معتمد,أرشيف تاريخي 2023-2024,دهان الفرع وش نظافة، دهان الوجها وش نظافة,1
PANT-004,PANT,دهان الفرع من الخارج بالكامل باللون الابيض,مقطوعية,1833.0,1500.0,2000.0,معتمد,أرشيف تاريخي 2023-2024,دهان الفرع بالكامل بالون الابيض، دهان للوجهه بالكامل بالون الابيض,1
PANT-005,PANT,ترميم عمودين امام الفرع,عدد,400.0,300.0,500.0,معتمد,أرشيف تاريخي 2023-2024,,1
PANT-006,PANT,ترميم وش الكونتر,عدد,250.0,200.0,300.0,معتمد,أرشيف تاريخي 2023-2024,,1
PANT-007,PANT,ترميمات دهانات للفرع بالكامل,عدد,1100.0,200.0,2000.0,معتمد,أرشيف تاريخي 2023-2024,,1
PANT-008,PANT,توريد ودهان الفرع بالكامل مرمات + وش نظافه,مقطوعية,3000.0,2000.0,4000.0,معتمد,أرشيف تاريخي 2023-2024,توريد ودهان المخزن بالكامل مرمات + وش نظافه,1
PANT-009,PANT,دهان الفرع بالكامل,عدد,250.0,200.0,300.0,معتمد,أرشيف تاريخي 2023-2024,,1
PANT-010,PANT,دهان المخزن الايمن بالفرع بالكامل,مقطوعية,,,,معتمد,أرشيف تاريخي 2023-2024,دهان المخزن الثاني في الرافع بالكامل,1
PANT-011,PANT,دهان المخزن وش نظافة,مقطوعية,1000.0,1000.0,1000.0,معتمد,أرشيف تاريخي 2023-2024,دهان المخزن وش نظافة+ مرمات,1
PANT-012,PANT,دهان الوجه الخارجية بالكامل,مقطوعية,1250.0,1000.0,1500.0,معتمد,أرشيف تاريخي 2023-2024,,1
PANT-013,PANT,دهان للاسقف وحوائط الفرع بالكامل,عدد,2100.0,200.0,4000.0,معتمد,أرشيف تاريخي 2023-2024,,1
PANT-014,PANT,ترميم الجانب من الجبسمبورد,مقطوعية,400.0,400.0,400.0,معتمد,أرشيف تاريخي 2023-2024,,1
PANT-015,PANT,ترميم الجانب من المخزن + الدهان,مقطوعية,600.0,600.0,600.0,معتمد,أرشيف تاريخي 2023-2024,,1
PANT-016,PANT,ترميم سقف داخل المخزن,مقطوعية,1500.0,1500.0,1500.0,معتمد,أرشيف تاريخي 2023-2024,,1
PANT-017,PANT,ترميم ومعجون حائط المخزن,مقطوعية,200.0,200.0,200.0,معتمد,أرشيف تاريخي 2023-2024,,1
PANT-018,PANT,ترميمات ودهانات داخل المخزن,مقطوعية,1000.0,1000.0,1000.0,معتمد,أرشيف تاريخي 2023-2024,,1
PANT-019,PANT,ترولي لنقل المنتجات مصنع من المعدن دهان اسود الكتروستتك واضافه غطاء من القماش بناء علي طلب مول اجورا,مقطوعية,15000.0,15000.0,15000.0,معتمد,أرشيف تاريخي 2023-2024,,1
PANT-020,PANT,توريد وتنفيذ اعمال الدهانات بفرع + الوجهه والمخزن تم طلاء وش نظافه,مقطوعية,8000.0,8000.0,8000.0,معتمد,أرشيف تاريخي 2023-2024,,1
PANT-021,PANT,خامات المرمات والدهانات,مقطوعية,400.0,400.0,400.0,معتمد,أرشيف تاريخي 2023-2024,,1
PANT-022,PANT,دهان السلم الحديد وش نظافة,مقطوعية,500.0,500.0,500.0,معتمد,أرشيف تاريخي 2023-2024,,1
PANT-023,PANT,دهان العمود اسود + سيلر,مقطوعية,,,,معتمد,أرشيف تاريخي 2023-2024,,1
PANT-024,PANT,دهان الفرع بالكامل وش نظافة +المخزن+الوجهة,مقطوعية,4000.0,4000.0,4000.0,معتمد,أرشيف تاريخي 2023-2024,,1
PANT-025,PANT,دهان المخزن بالكامل,مقطوعية,15003.0,15003.0,15003.0,معتمد,أرشيف تاريخي 2023-2024,,1
PANT-026,PANT,دهان بالون الاسود متر,مقطوعية,1000.0,1000.0,1000.0,معتمد,أرشيف تاريخي 2023-2024,,1
PANT-027,PANT,دهان سقف الفرع باللون الابيض وش نظافة,مقطوعية,1000.0,1000.0,1000.0,معتمد,أرشيف تاريخي 2023-2024,,1
PANT-028,PANT,دهان للوحدات بالفرع بالكامل بالون الاسود,مقطوعية,1000.0,1000.0,1000.0,معتمد,أرشيف تاريخي 2023-2024,,1
PANT-029,PANT,دهان وش نظافة الفرع +الوجها+المخزن بالكامل,مقطوعية,1500.0,1500.0,1500.0,معتمد,أرشيف تاريخي 2023-2024,,1
PANT-030,PANT,دهان وش نظافة للوجها بالكامل,مقطوعية,1000.0,1000.0,1000.0,معتمد,أرشيف تاريخي 2023-2024,,1
PANT-031,PANT,سنفرة + دهان وش الورم,مقطوعية,500.0,500.0,500.0,معتمد,أرشيف تاريخي 2023-2024,,1
PANT-032,PANT,سنفرة الوجهة دهان بسلير كامل,مقطوعية,1500.0,1500.0,1500.0,معتمد,أرشيف تاريخي 2023-2024,,1
PANT-033,PANT,صنفرة الوجها + دهان سلر بالكامل,مقطوعية,1500.0,1500.0,1500.0,معتمد,أرشيف تاريخي 2023-2024,,1
PANT-034,PANT,صيانة + نظافة يافطة,مقطوعية,1000.0,1000.0,1000.0,معتمد,أرشيف تاريخي 2023-2024,,1
PANT-035,PANT,فك الميزان المعلق اعلي الفرع وترميم و دهان مكانه,مقطوعية,500.0,500.0,500.0,معتمد,أرشيف تاريخي 2023-2024,,1
PANT-036,PANT,فك لافته مضيئ وعمل صيانه+ نظافة وإعادة التركيب,مقطوعية,1000.0,1000.0,1000.0,معتمد,أرشيف تاريخي 2023-2024,,1
PANT-037,PANT,لحم وترميم و دهان جمب من الجبس,مقطوعية,500.0,500.0,500.0,معتمد,أرشيف تاريخي 2023-2024,,1
PANT-038,PANT,مرامات الدهانات للفرع ومدخل المخزن,مقطوعية,500.0,500.0,500.0,معتمد,أرشيف تاريخي 2023-2024,,1
PANT-039,PANT,مرامات بالمعجون +الدهان المخزن بالكامل,عدد,1500.0,1500.0,1500.0,معتمد,أرشيف تاريخي 2023-2024,,1
PANT-040,PANT,مرمات علي الجبس بورد +معجون+فتحات للجبس,مقطوعية,,,,معتمد,أرشيف تاريخي 2023-2024,,1
PANT-041,PANT,نظافة للحمام الدور الاول,مقطوعية,850.0,850.0,850.0,معتمد,أرشيف تاريخي 2023-2024,,1
PANT-042,PANT,هدم الحائط وترميم بالمعجون و عمل مايلزم للبند,مقطوعية,1500.0,1500.0,1500.0,معتمد,أرشيف تاريخي 2023-2024,,1
PANT-043,PANT,دهان بجانب وحدة الكونتر,مقطوعية,,,,معتمد,أرشيف تاريخي 2023-2024,,1
PANT-044,PANT,دهان وترميم الوجهات بالكامل,مقطوعية,2500.0,2500.0,2500.0,معتمد,أرشيف تاريخي 2023-2024,,1
PANT-045,PANT,دهانات نضافه للفرع بالكامل,مقطوعية,2000.0,2000.0,2000.0,معتمد,أرشيف تاريخي 2023-2024,,1
FLOR-001,FLOR,بالمتر -تم توريد وتركيب رخام جلاكسي +,متر مربع,4500.0,4500.0,4500.0,معتمد,أرشيف تاريخي 2023-2024,بالمتر -تم توريد وتركيب قطعة رخام، بالمتر -تم توريد وتركيب قطعة رخام جلاكسي، بالمتر -تم توريد وتركيب قطعة رخام جلاكسي+,1
FLOR-002,FLOR,قطعة رخام,عدد,700.0,550.0,850.0,معتمد,أرشيف تاريخي 2023-2024,,1
FLOR-003,FLOR,قطعة رخام جلاكسي,متر مربع,4500.0,4500.0,4500.0,معتمد,أرشيف تاريخي 2023-2024,,1
FLOR-004,FLOR,لاصق الرخام بالسليكون,مقطوعية,340.0,300.0,500.0,معتمد,أرشيف تاريخي 2023-2024,,1
FLOR-005,FLOR,تثبيت و لاصق الرخام,عدد,450.0,400.0,500.0,معتمد,أرشيف تاريخي 2023-2024,,1
FLOR-006,FLOR,صيانه ولحام الرخام+ الوزرة,عدد,550.0,400.0,700.0,معتمد,أرشيف تاريخي 2023-2024,,1
FLOR-007,FLOR,وزرة رخام على الوجه,عدد,400.0,200.0,600.0,معتمد,أرشيف تاريخي 2023-2024,,1
FLOR-008,FLOR,البلاط المكسور في الحمام,مقطوعية,400.0,400.0,400.0,معتمد,أرشيف تاريخي 2023-2024,,1
FLOR-009,FLOR,البلاط المكسور+عود اوميجا للتثبيت الجبس,مقطوعية,500.0,500.0,500.0,معتمد,أرشيف تاريخي 2023-2024,,1
FLOR-010,FLOR,المرجعة والسقية الحوائط و الأرضية,مقطوعية,850.0,850.0,850.0,معتمد,أرشيف تاريخي 2023-2024,,1
FLOR-011,FLOR,بالمتر المسطح - تجهيز وتوريد وتركيب رخام حلايب لارض المعارض وتم عمل,مقطوعية,14400.0,12800.0,16000.0,معتمد,أرشيف تاريخي 2023-2024,,1
FLOR-012,FLOR,بالمتر المسطح - توريد وتركيب قرصه رخام جلاكسي والسعر يشمل كل ما يلزم,مقطوعية,5460.0,5460.0,5460.0,معتمد,أرشيف تاريخي 2023-2024,,1
FLOR-013,FLOR,بالمتر المسطح -تم توريد وتركيب قطع رخام جلاكسي مقاسات متنوعه,متر مربع,4500.0,4500.0,4500.0,معتمد,أرشيف تاريخي 2023-2024,,1
FLOR-014,FLOR,بالمتر المسطح توريد و تركيب رخام ستار جلاكسي فرز اول للكونتر والسعر يشمل اللصق بمادة لصق الرخام وكل مايلزم لانتهاء من البند.,مقطوعية,58725.0,58725.0,58725.0,معتمد,أرشيف تاريخي 2023-2024,,1
FLOR-015,FLOR,بالمنر المسطح توريد وتنفيذ اعمال غلق الفواصل للحوائط اعلي السيراميك بالمخزن,مقطوعية,9000.0,9000.0,9000.0,معتمد,أرشيف تاريخي 2023-2024,,1
FLOR-016,FLOR,تخانة رخام بجانب الكاشير,مقطوعية,500.0,500.0,500.0,معتمد,أرشيف تاريخي 2023-2024,,1
FLOR-017,FLOR,تسبيت رخامة الورمر بالساليكون العضم,مقطوعية,300.0,300.0,300.0,معتمد,أرشيف تاريخي 2023-2024,,1
FLOR-018,FLOR,تلميع رخام + تقفيل لحامات بالسيلكون,مقطوعية,300.0,300.0,300.0,معتمد,أرشيف تاريخي 2023-2024,,1
FLOR-019,FLOR,رخام درج الفرع وزره,مقطوعية,400.0,400.0,400.0,معتمد,أرشيف تاريخي 2023-2024,,1
FLOR-020,FLOR,رخام م + فك الرخام القديم وصيانه كامل,مقطوعية,5000.0,5000.0,5000.0,معتمد,أرشيف تاريخي 2023-2024,,1
FLOR-021,FLOR,صيانات وتلميع الرخام,مقطوعية,1250.0,1250.0,1250.0,معتمد,أرشيف تاريخي 2023-2024,,1
FLOR-022,FLOR,عتبه رخام دبل بلاك,مقطوعية,250.0,250.0,250.0,معتمد,أرشيف تاريخي 2023-2024,,1
FLOR-023,FLOR,عمل لاصق الرخام وحدة الكاشير واعدة الفواصل بالسيلكون,مقطوعية,1000.0,1000.0,1000.0,معتمد,أرشيف تاريخي 2023-2024,,1
FLOR-024,FLOR,فتحة في الرخام,مقطوعية,300.0,300.0,300.0,معتمد,أرشيف تاريخي 2023-2024,,1
FLOR-025,FLOR,فك لوح رخام وتنظفاها وإعادة تركبها بالسليكون,مقطوعية,1200.0,1200.0,1200.0,معتمد,أرشيف تاريخي 2023-2024,,1
FLOR-026,FLOR,فك واعادة تركيب الوزرة بالمادة الخاصة بلصق الرخام,مقطوعية,300.0,300.0,300.0,معتمد,أرشيف تاريخي 2023-2024,,1
FLOR-027,FLOR,فك وتشوين الرخام والكونتر السابق وتجهيز مكان الجديد,مقطوعية,2000.0,2000.0,2000.0,معتمد,أرشيف تاريخي 2023-2024,,1
FLOR-028,FLOR,لاصق رخام الوحدات بالكامل,مقطوعية,400.0,400.0,400.0,معتمد,أرشيف تاريخي 2023-2024,,1
FLOR-029,FLOR,لاصق وزرة رخام بالسيلكون,مقطوعية,400.0,400.0,400.0,معتمد,أرشيف تاريخي 2023-2024,,1
FLOR-030,FLOR,بلاط,عدد,1500.0,1500.0,1500.0,معتمد,أرشيف تاريخي 2023-2024,,1
FLOR-031,FLOR,فك وتركيب رخام الكونتر مع تثبيته وضبطه,مقطوعية,1200.0,1200.0,1200.0,معتمد,أرشيف تاريخي 2023-2024,,1
GLSS-001,GLSS,توريد وتغير ماكينة زجاج,عدد,1333.0,500.0,3000.0,معتمد,أرشيف تاريخي 2023-2024,,1
GLSS-002,GLSS,توريد وتغير ماكينة زجاج+ مفصله سفلي,عدد,3500.0,3500.0,3500.0,معتمد,أرشيف تاريخي 2023-2024,,1
GLSS-003,GLSS,حامل زجاج سكوريت,عدد,600.0,600.0,600.0,معتمد,أرشيف تاريخي 2023-2024,,1
GLSS-004,GLSS,حساب فك وتركيب الوجهه الزجاج,مقطوعية,600.0,600.0,600.0,معتمد,أرشيف تاريخي 2023-2024,,1
GLSS-005,GLSS,صيانة ولازق الزجاج بالسليكون,مقطوعية,300.0,300.0,300.0,معتمد,أرشيف تاريخي 2023-2024,,1
GLSS-006,GLSS,طقم مقبض زجاج,عدد,800.0,800.0,800.0,معتمد,أرشيف تاريخي 2023-2024,,1
GLSS-007,GLSS,ماكينة زجاج,عدد,1000.0,1000.0,1000.0,معتمد,أرشيف تاريخي 2023-2024,,1
GLSS-008,GLSS,ماكينة سكوريت,عدد,3500.0,3500.0,3500.0,معتمد,أرشيف تاريخي 2023-2024,,1
PLMB-001,PLMB,صرف حوض,عدد,385.0,300.0,750.0,معتمد,أرشيف تاريخي 2023-2024,صرف الحوض,1
PLMB-002,PLMB,صرف حوض كامل,عدد,300.0,300.0,300.0,معتمد,أرشيف تاريخي 2023-2024,,1
PLMB-003,PLMB,فلتر مياه تنك مرحلة,عدد,1700.0,300.0,4000.0,معتمد,أرشيف تاريخي 2023-2024,فلتر مياه تانك مرحلة، فلتر مياه مرحلة، فلتر مياه مرحله تانك، فلترمياه مرحلة تانك,1
PLMB-004,PLMB,خلاط حوض ايطالي,عدد,1500.0,300.0,1800.0,معتمد,أرشيف تاريخي 2023-2024,خلاط ايطالي، خلاط حوض كامل ايطالي,1
PLMB-005,PLMB,خلاط هاند ميكسر ايطالي,عدد,1650.0,1200.0,1800.0,معتمد,أرشيف تاريخي 2023-2024,خلاط حوض هندمكسر ايطالي، خلاط مياه هند ميكسر ايطالي,1
PLMB-006,PLMB,صيانة فلتر مياه,مقطوعية,338.0,300.0,450.0,معتمد,أرشيف تاريخي 2023-2024,صيانة فلتر المياه,1
PLMB-007,PLMB,حنفية فلتر,مقطوعية,283.0,250.0,300.0,معتمد,أرشيف تاريخي 2023-2024,,1
PLMB-008,PLMB,المرجعة علي السباكة بالكامل,عدد,500.0,500.0,500.0,معتمد,أرشيف تاريخي 2023-2024,,1
PLMB-009,PLMB,خلاط حوض ساخن و بارد,عدد,1775.0,1750.0,1800.0,معتمد,أرشيف تاريخي 2023-2024,خلاط حوض كامل ساخن و بارد,1
PLMB-010,PLMB,خلاط ساخن وبارد ايطالي,عدد,1225.0,650.0,1800.0,معتمد,أرشيف تاريخي 2023-2024,خلاط مياه سخن وبارد إيطالي,1
PLMB-011,PLMB,صيانة السباكة والصرف,عدد,225.0,200.0,250.0,معتمد,أرشيف تاريخي 2023-2024,,1
PLMB-012,PLMB,صيانة الصرف وعمل ما يلازم,عدد,500.0,500.0,500.0,معتمد,أرشيف تاريخي 2023-2024,,1
PLMB-013,PLMB,صيانة صرف الفرع,عدد,425.0,300.0,550.0,معتمد,أرشيف تاريخي 2023-2024,,1
PLMB-014,PLMB,صيانه خلاط,عدد,325.0,250.0,400.0,معتمد,أرشيف تاريخي 2023-2024,,1
PLMB-015,PLMB,طقم شمع فلتر مياه مرحلة,عدد,550.0,500.0,600.0,معتمد,أرشيف تاريخي 2023-2024,طقم شمع فلتر مياه مرحله تانك,1
PLMB-016,PLMB,فليتر مياه مراحله تانك ويشمل التوصيلات,مقطوعية,2000.0,2000.0,2000.0,معتمد,أرشيف تاريخي 2023-2024,,1
PLMB-017,PLMB,لحام الوزرة العلوية بوحدة الحوض وتسبت راف رخام,عدد,350.0,300.0,400.0,معتمد,أرشيف تاريخي 2023-2024,,1
PLMB-018,PLMB,وحدة حوض خشب,متر مربع,7750.0,7500.0,8000.0,معتمد,أرشيف تاريخي 2023-2024,,1
PLMB-019,PLMB,اصلاح لتوصيلات السباكه وتغير صرف حوض,مقطوعية,500.0,500.0,500.0,معتمد,أرشيف تاريخي 2023-2024,,1
PLMB-020,PLMB,اعمال تغذيه المياه والصرف الصحي,مقطوعية,12000.0,12000.0,12000.0,معتمد,أرشيف تاريخي 2023-2024,,1
PLMB-021,PLMB,المراجعة على السباكة,مقطوعية,300.0,300.0,300.0,معتمد,أرشيف تاريخي 2023-2024,,1
PLMB-022,PLMB,بالمتر -تم توريد وتركيب قطع قرصة بتش للكونتر+ الحوض,متر مربع,4200.0,4200.0,4200.0,معتمد,أرشيف تاريخي 2023-2024,,1
PLMB-023,PLMB,تسليك الصرف الدخلي,مقطوعية,200.0,200.0,200.0,معتمد,أرشيف تاريخي 2023-2024,,1
PLMB-024,PLMB,تقفيل الصرف بالرخام,مقطوعية,300.0,300.0,300.0,معتمد,أرشيف تاريخي 2023-2024,,1
PLMB-025,PLMB,توريد وتغير شطاف خارجي,عدد,450.0,450.0,450.0,معتمد,أرشيف تاريخي 2023-2024,,1
PLMB-026,PLMB,توريد وتغير محبس زاويه اسمارت للباريستا,مقطوعية,300.0,300.0,300.0,معتمد,أرشيف تاريخي 2023-2024,,1
PLMB-027,PLMB,حلة حوض استلس + صرف,عدد,1700.0,1700.0,1700.0,معتمد,أرشيف تاريخي 2023-2024,,1
PLMB-028,PLMB,حنفية فلتر مياه,عدد,200.0,200.0,200.0,معتمد,أرشيف تاريخي 2023-2024,,1
PLMB-029,PLMB,حوض استلس يشمل الصرف والتركيب,مقطوعية,1200.0,1200.0,1200.0,معتمد,أرشيف تاريخي 2023-2024,,1
PLMB-030,PLMB,خط صرف للحوض مع غطاء,مقطوعية,250.0,250.0,250.0,معتمد,أرشيف تاريخي 2023-2024,,1
PLMB-031,PLMB,خلاط ايطالي إضافي للحوض عين,عدد,1800.0,1800.0,1800.0,معتمد,أرشيف تاريخي 2023-2024,,1
PLMB-032,PLMB,خلاط ايطالي ساخن و بارد,عدد,150.0,150.0,150.0,معتمد,أرشيف تاريخي 2023-2024,,1
PLMB-033,PLMB,خلاط بارد للحمام,عدد,1000.0,1000.0,1000.0,معتمد,أرشيف تاريخي 2023-2024,,1
PLMB-034,PLMB,خلاط حوض كامل,عدد,1500.0,1500.0,1500.0,معتمد,أرشيف تاريخي 2023-2024,,1
PLMB-035,PLMB,خلاط حوض هندميكسر تركي والسعر يشمل الوصلات وكل مايلزم للانهاء,مقطوعية,2000.0,2000.0,2000.0,معتمد,أرشيف تاريخي 2023-2024,,1
PLMB-036,PLMB,خلاط فلتر,عدد,250.0,250.0,250.0,معتمد,أرشيف تاريخي 2023-2024,,1
PLMB-037,PLMB,دهان اعلي الحوض باللون الابيض,مقطوعية,1500.0,1500.0,1500.0,معتمد,أرشيف تاريخي 2023-2024,,1
PLMB-038,PLMB,سخان مياه فوري سيمانس كيلو,مقطوعية,12000.0,12000.0,12000.0,معتمد,أرشيف تاريخي 2023-2024,,1
PLMB-039,PLMB,شطاف خارجي الأصيل,عدد,600.0,600.0,600.0,معتمد,أرشيف تاريخي 2023-2024,,1
PLMB-040,PLMB,شطاف كامل,عدد,250.0,250.0,250.0,معتمد,أرشيف تاريخي 2023-2024,,1
PLMB-041,PLMB,شطاف محبس الحمام,عدد,350.0,350.0,350.0,معتمد,أرشيف تاريخي 2023-2024,,1
PLMB-042,PLMB,شطاف يد غير كامل,عدد,350.0,350.0,350.0,معتمد,أرشيف تاريخي 2023-2024,,1
PLMB-043,PLMB,صرف + مكنة+ طقم مسمار للاعدة,عدد,1200.0,1200.0,1200.0,معتمد,أرشيف تاريخي 2023-2024,,1
PLMB-044,PLMB,صرف حوض استلس بوصه,مقطوعية,300.0,300.0,300.0,معتمد,أرشيف تاريخي 2023-2024,,1
PLMB-045,PLMB,صرف حوض بوصه,عدد,300.0,300.0,300.0,معتمد,أرشيف تاريخي 2023-2024,,1
PLMB-046,PLMB,صرف حوض بوصه بالمصفه استانلس,مقطوعية,300.0,300.0,300.0,معتمد,أرشيف تاريخي 2023-2024,,1
PLMB-047,PLMB,صرف كامل في المعمل,عدد,400.0,400.0,400.0,معتمد,أرشيف تاريخي 2023-2024,,1
PLMB-048,PLMB,صيانة الخلاط + الفلتر,مقطوعية,300.0,300.0,300.0,معتمد,أرشيف تاريخي 2023-2024,,1
PLMB-049,PLMB,صيانة الصرف الخاصه بالباريستا,مقطوعية,300.0,300.0,300.0,معتمد,أرشيف تاريخي 2023-2024,,1
PLMB-050,PLMB,صيانة الصرف الفرع + الصرف الرئيسي بالكامل,مقطوعية,500.0,500.0,500.0,معتمد,أرشيف تاريخي 2023-2024,,1
PLMB-051,PLMB,صيانة خلاط الحوض + الفلتر,مقطوعية,300.0,300.0,300.0,معتمد,أرشيف تاريخي 2023-2024,,1
PLMB-052,PLMB,صيانة دلف وحده الحوض,عدد,,,,معتمد,أرشيف تاريخي 2023-2024,,1
PLMB-053,PLMB,صيانة صرف الحوض,مقطوعية,200.0,200.0,200.0,معتمد,أرشيف تاريخي 2023-2024,,1
PLMB-054,PLMB,صيانة صرف المحل+الخط الرائسي لصرف العمارة,مقطوعية,1000.0,1000.0,1000.0,معتمد,أرشيف تاريخي 2023-2024,,1
PLMB-055,PLMB,صيانة لمسارات السباكة بالكامل,مقطوعية,500.0,500.0,500.0,معتمد,أرشيف تاريخي 2023-2024,,1
PLMB-056,PLMB,صيانة لي السباكة الاحواض +الحمام تغير كوع,مقطوعية,600.0,600.0,600.0,معتمد,أرشيف تاريخي 2023-2024,,1
PLMB-057,PLMB,صيانة ولازق الحوض بالسليكون,مقطوعية,300.0,300.0,300.0,معتمد,أرشيف تاريخي 2023-2024,,1
PLMB-058,PLMB,صيانه علي مسار الصرف الصحي بالكامل من داخل الفرع ومن الخارج,مقطوعية,7000.0,7000.0,7000.0,معتمد,أرشيف تاريخي 2023-2024,,1
PLMB-059,PLMB,صيانه لسباكه وتغير وصله تغذيه المياه,مقطوعية,500.0,500.0,500.0,معتمد,أرشيف تاريخي 2023-2024,,1
PLMB-060,PLMB,صيانه لي الفلتر القديم,مقطوعية,300.0,300.0,300.0,معتمد,أرشيف تاريخي 2023-2024,,1
PLMB-061,PLMB,عمل صيانة لعبوة الفلتر,عدد,300.0,300.0,300.0,معتمد,أرشيف تاريخي 2023-2024,,1
PLMB-062,PLMB,عمل صيانه فلترمرحلة,مقطوعية,300.0,300.0,300.0,معتمد,أرشيف تاريخي 2023-2024,,1
PLMB-063,PLMB,فك الحوض+الخلاط+الغلاية وتم اعادة تركبيهم,مقطوعية,500.0,500.0,500.0,معتمد,أرشيف تاريخي 2023-2024,,1
PLMB-064,PLMB,فك رخام الحوض وتركيب رخام الكونتر بالكامل,مقطوعية,1000.0,1000.0,1000.0,معتمد,أرشيف تاريخي 2023-2024,,1
PLMB-065,PLMB,فك وتركيب الحوض وتم التثبيت بسيلكون اسمر,مقطوعية,300.0,300.0,300.0,معتمد,أرشيف تاريخي 2023-2024,,1
PLMB-066,PLMB,فك ولاصق الحوض بالسيلكون,مقطوعية,300.0,300.0,300.0,معتمد,أرشيف تاريخي 2023-2024,,1
PLMB-067,PLMB,فلترمرحلة,عدد,450.0,450.0,450.0,معتمد,أرشيف تاريخي 2023-2024,,1
PLMB-068,PLMB,لاصق الحوض بسيلكون اسود خاص للاحواض,مقطوعية,400.0,400.0,400.0,معتمد,أرشيف تاريخي 2023-2024,,1
PLMB-069,PLMB,لاصق الرخام + لاصق الحوض,مقطوعية,700.0,700.0,700.0,معتمد,أرشيف تاريخي 2023-2024,,1
PLMB-070,PLMB,لحام الحوض بالسيلكون و المرجعة ع الصرف,مقطوعية,400.0,400.0,400.0,معتمد,أرشيف تاريخي 2023-2024,,1
PLMB-071,PLMB,لوح رخام بجانب الحوض,متر مربع,4200.0,4200.0,4200.0,معتمد,أرشيف تاريخي 2023-2024,,1
PLMB-072,PLMB,محبس /BR,عدد,1500.0,1500.0,1500.0,معتمد,أرشيف تاريخي 2023-2024,,1
PLMB-073,PLMB,محبس زاويه اسمارت,مقطوعية,500.0,500.0,500.0,معتمد,أرشيف تاريخي 2023-2024,,1
PLMB-074,PLMB,محبس زوية,عدد,200.0,200.0,200.0,معتمد,أرشيف تاريخي 2023-2024,,1
PLMB-075,PLMB,محبس زوية للخلاط,مقطوعية,300.0,300.0,300.0,معتمد,أرشيف تاريخي 2023-2024,,1
PLMB-076,PLMB,مرجعة علي السباكة صرف +عازل السقف للفرع والمخزن,مقطوعية,1000.0,1000.0,1000.0,معتمد,أرشيف تاريخي 2023-2024,,1
PLMB-077,PLMB,مشترك اسمارت للصرف,عدد,200.0,200.0,200.0,معتمد,أرشيف تاريخي 2023-2024,,1
PLMB-078,PLMB,نظام مصيدة شحوم سعة جالونًا في الدقيقة، يتميز بخزان من الفولاذ المقاوم للصدأ,مقطوعية,78200.0,78200.0,78200.0,معتمد,أرشيف تاريخي 2023-2024,,1
PLMB-079,PLMB,وحدة حوض عمق,متر طولي,7000.0,7000.0,7000.0,معتمد,أرشيف تاريخي 2023-2024,,1
PLMB-080,PLMB,وزرة رخام اسفل الحوض,مقطوعية,400.0,400.0,400.0,معتمد,أرشيف تاريخي 2023-2024,,1
PLMB-081,PLMB,وصلة /BR,عدد,1000.0,1000.0,1000.0,معتمد,أرشيف تاريخي 2023-2024,,1
PLMB-082,PLMB,وصله اسمارت,مقطوعية,450.0,450.0,450.0,معتمد,أرشيف تاريخي 2023-2024,,1
PLMB-083,PLMB,وصله لاي خلاط,عدد,250.0,250.0,250.0,معتمد,أرشيف تاريخي 2023-2024,,1
PLMB-084,PLMB,تسليك الحوض,مقطوعية,250.0,250.0,250.0,معتمد,أرشيف تاريخي 2023-2024,,1
PLMB-085,PLMB,تغير صرف حوض,عدد,300.0,300.0,300.0,معتمد,أرشيف تاريخي 2023-2024,,1
PLMB-086,PLMB,توريد وتغير شطاف كامل,عدد,450.0,450.0,450.0,معتمد,أرشيف تاريخي 2023-2024,,1
PLMB-087,PLMB,توريد وتغير قنطرة خلاط,عدد,250.0,250.0,250.0,معتمد,أرشيف تاريخي 2023-2024,,1
PLMB-088,PLMB,خط صرف للرئيسي,مقطوعية,6000.0,6000.0,6000.0,معتمد,أرشيف تاريخي 2023-2024,,1
PLMB-089,PLMB,خلاط فلتر مياه,عدد,250.0,250.0,250.0,معتمد,أرشيف تاريخي 2023-2024,,1
PLMB-090,PLMB,فك وتركيب الحوض بالسليكون الخاص بالاحواض,مقطوعية,300.0,300.0,300.0,معتمد,أرشيف تاريخي 2023-2024,,1
PLMB-091,PLMB,فك وتركيب الخلاط والحوض لتسهيل صيانات الوحدات وتقويته وتم المراجعه علي البند قبل الانهاء,مقطوعية,500.0,500.0,500.0,معتمد,أرشيف تاريخي 2023-2024,,1
PLMB-092,PLMB,فك وتركيب الخلاط والحوض وتم المراجعه علي البند قبل الانهاء,مقطوعية,500.0,500.0,500.0,معتمد,أرشيف تاريخي 2023-2024,,1
PLMB-093,PLMB,قلب خلاط حوض,عدد,300.0,300.0,300.0,معتمد,أرشيف تاريخي 2023-2024,,1
ELEC-001,ELEC,كشاف كومبكت الفرنسيه,عدد,886.0,50.0,15200.0,معتمد,أرشيف تاريخي 2023-2024,كشاب كومباكت ورم الفرنسيه، كشاف كومباكت الفرنسية، كشاف كومباكت الفرنسية ورم، كشاف كومباكت ورم الفرنسية، كشاف كومبكت ورم الفرنسيه,1
ELEC-002,ELEC,كشاف تراك ورم ماركة الصفا,عدد,1325.0,400.0,11050.0,معتمد,أرشيف تاريخي 2023-2024,كشاف تراك ورم الصفا,1
ELEC-003,ELEC,توريد وتغير لمبة ديكور,عدد,262.0,150.0,500.0,معتمد,أرشيف تاريخي 2023-2024,توريد وتغير دواية ديكور، توريد وتغير لمبة ديكور زجاج، توريد وتغير لمبة ديكور فيلمنت، توريد وتغير لمبة ديكور كرويه، توريد وتغير لمبة ديكور وارم، توريد وتغير لمبة ديكور ورم، توريد وتغير لمبة كاسة وارم، توريد وتغير لمبة كاسة ورم، توريد وتغير لمبه ديكور اديسون، توريد وغير لمبة ديكور ورم,1
ELEC-004,ELEC,توريد وتغير كشاف كومبكت الفرنسيه,عدد,698.0,300.0,3150.0,معتمد,أرشيف تاريخي 2023-2024,توريد وتغير كشاف تراك ورم، توريد وتغير كشاف كومباكت الفرنسيه، توريد وتغير كشاف كومباكت ورم، توريد وتغير ليد كشاف تراك، توريد وتغيرتراك شواب، توريد وتغيرتراك عادي، توريد وتغيرتراك مروحة وارم، توريد وتغيرتراك وارم,1
ELEC-005,ELEC,وتغير ليدا بروفيل ورم,متر طولي,259.0,150.0,300.0,معتمد,أرشيف تاريخي 2023-2024,وتغير ليد بروفايل، وتغير ليد بروفايل ورم، وتغير ليد بروفايل ورم شريط، وتغير ليد بروفيل، وتغير ليد دبل ورم، وتغير ليدا بروفيل ورم ورم,1
ELEC-006,ELEC,كشاف BM ورم,عدد,828.0,200.0,4000.0,معتمد,أرشيف تاريخي 2023-2024,كشاف B.m ورم، كشاف وارم، كشاف ورم,1
ELEC-007,ELEC,محول كهرباء باور سبلاي A,عدد,811.0,750.0,1000.0,معتمد,أرشيف تاريخي 2023-2024,محول كهرباء باور سبلي A، محول كهرباء باور سبلي Aمروحه,1
ELEC-008,ELEC,كشاف عز العرب,عدد,422.0,300.0,1000.0,معتمد,أرشيف تاريخي 2023-2024,كشاف عز العرب ورام، كشاف عز العرب ورم، كشاف عزب العرب,1
ELEC-009,ELEC,كشاف كومبكت,عدد,438.0,400.0,700.0,معتمد,أرشيف تاريخي 2023-2024,كشاف كومباكت، كشاف كومباكت BM ورم، كشاف كومباكت ورم، كشاف كومبكت ورم,1
ELEC-010,ELEC,محول A,عدد,719.0,150.0,1000.0,معتمد,أرشيف تاريخي 2023-2024,,1
ELEC-011,ELEC,المرجعة علي الكهرباء,مقطوعية,379.0,200.0,600.0,معتمد,أرشيف تاريخي 2023-2024,المراجعة على الكهرباء، المرجعة علي الكهرباء ڤولط,1
ELEC-012,ELEC,ليد بروفيل ورم,متر طولي,250.0,200.0,300.0,معتمد,أرشيف تاريخي 2023-2024,ليد بروفيل، ليد بروفيل m، ليد بروفيل دبل,1
ELEC-013,ELEC,لاصق حلة الحوض بالسلكون,مقطوعية,300.0,300.0,300.0,معتمد,أرشيف تاريخي 2023-2024,لاصق حلة الحوض +الرخام بالسلكون,1
ELEC-014,ELEC,كشاف بانل عز العرب,عدد,338.0,300.0,350.0,معتمد,أرشيف تاريخي 2023-2024,كشاف بنل عز العرب أبيض، كشاف ورم بانل عز العرب,1
ELEC-015,ELEC,لمبة ديكور,عدد,250.0,250.0,250.0,معتمد,أرشيف تاريخي 2023-2024,,1
ELEC-016,ELEC,لمبه ورم,عدد,438.0,150.0,850.0,معتمد,أرشيف تاريخي 2023-2024,,1
ELEC-017,ELEC,بريزة عادة +لقمة شواب,عدد,333.0,300.0,400.0,معتمد,أرشيف تاريخي 2023-2024,بريزة عادة ليد شواب، بريزة قوة +لقمة شواب,1
ELEC-018,ELEC,تجاليد خشب,مقطوعية,1767.0,300.0,2500.0,معتمد,أرشيف تاريخي 2023-2024,تجليد خشب,1
ELEC-019,ELEC,تراك مروحة,عدد,700.0,400.0,850.0,معتمد,أرشيف تاريخي 2023-2024,,1
ELEC-020,ELEC,سلك كات,متر طولي,75.0,75.0,75.0,معتمد,أرشيف تاريخي 2023-2024,,1
ELEC-021,ELEC,صيانة اليد الكاشير,مقطوعية,200.0,200.0,200.0,معتمد,أرشيف تاريخي 2023-2024,صيانة ليد الكاشير,1
ELEC-022,ELEC,كشاف اب داون خارج,عدد,500.0,250.0,750.0,معتمد,أرشيف تاريخي 2023-2024,كشاف اب داون ورم، كشاف اب دون خارجي,1
ELEC-023,ELEC,كشاف خارج,عدد,1267.0,1200.0,1300.0,معتمد,أرشيف تاريخي 2023-2024,كشاف خارجي,1
ELEC-024,ELEC,محول مروحة A,عدد,900.0,850.0,1000.0,معتمد,أرشيف تاريخي 2023-2024,,1
ELEC-025,ELEC,اسبوط كأسة في الخارج,عدد,275.0,250.0,300.0,معتمد,أرشيف تاريخي 2023-2024,اسبوط في الخارج,1
ELEC-026,ELEC,اليافطه والمراجعة على الليدا + تنظيف الاكليرك,عدد,600.0,200.0,1000.0,معتمد,أرشيف تاريخي 2023-2024,,1
ELEC-027,ELEC,تجليد ابلا كاش,متر طولي,1350.0,1200.0,1500.0,معتمد,أرشيف تاريخي 2023-2024,,1
ELEC-028,ELEC,تراك,عدد,850.0,850.0,850.0,معتمد,أرشيف تاريخي 2023-2024,,1
ELEC-029,ELEC,تراك مروحة ورم,عدد,850.0,850.0,850.0,معتمد,أرشيف تاريخي 2023-2024,,1
ELEC-030,ELEC,تراك ورم,عدد,850.0,850.0,850.0,معتمد,أرشيف تاريخي 2023-2024,,1
ELEC-031,ELEC,تنظيف ليد الوجها الرخام,عدد,250.0,200.0,300.0,معتمد,أرشيف تاريخي 2023-2024,,1
ELEC-032,ELEC,زجاج تجليد ديكر عدد,عدد,375.0,300.0,450.0,معتمد,أرشيف تاريخي 2023-2024,,1
ELEC-033,ELEC,صيانة اليد البروفيل,مقطوعية,400.0,300.0,500.0,معتمد,أرشيف تاريخي 2023-2024,,1
ELEC-034,ELEC,صيانة اليد الهورمن,عدد,200.0,200.0,200.0,معتمد,أرشيف تاريخي 2023-2024,,1
ELEC-035,ELEC,صيانة كشاف عز العرب,عدد,350.0,100.0,600.0,معتمد,أرشيف تاريخي 2023-2024,,1
ELEC-036,ELEC,ظيط كهرباء الفرع,مقطوعية,400.0,300.0,500.0,معتمد,أرشيف تاريخي 2023-2024,كهرباء الفرع,1
ELEC-037,ELEC,فك وتركيب البارسته مع تعديل الصرف والكهرباء,عدد,350.0,200.0,500.0,معتمد,أرشيف تاريخي 2023-2024,,1
ELEC-038,ELEC,كشاف BM,عدد,400.0,350.0,450.0,معتمد,أرشيف تاريخي 2023-2024,,1
ELEC-039,ELEC,كشاف تراك ورم,عدد,850.0,850.0,850.0,معتمد,أرشيف تاريخي 2023-2024,,1
ELEC-040,ELEC,كشاف فيلبس اصلي,عدد,1200.0,300.0,2100.0,معتمد,أرشيف تاريخي 2023-2024,,1
ELEC-041,ELEC,كشاف وجهات ابيض,عدد,1200.0,1200.0,1200.0,معتمد,أرشيف تاريخي 2023-2024,كشاف وجها ابيض,1
ELEC-042,ELEC,لاصق الرخام بالسلكون,مقطوعية,700.0,400.0,1000.0,معتمد,أرشيف تاريخي 2023-2024,لاصق وزر رخام بالسلكون,1
ELEC-043,ELEC,لمبة ديكور طويلة,عدد,250.0,250.0,250.0,معتمد,أرشيف تاريخي 2023-2024,,1
ELEC-044,ELEC,لمبة كاسه,عدد,200.0,200.0,200.0,معتمد,أرشيف تاريخي 2023-2024,,1
ELEC-045,ELEC,محول توصيل,مقطوعية,825.0,800.0,850.0,معتمد,أرشيف تاريخي 2023-2024,,1
ELEC-046,ELEC,محول توصيل لليافطة,عدد,850.0,850.0,850.0,معتمد,أرشيف تاريخي 2023-2024,محول توصيل ليد اليافطة,1
ELEC-047,ELEC,اسبوت ورم,عدد,283.0,250.0,300.0,معتمد,أرشيف تاريخي 2023-2024,اسبوط ورم,1
ELEC-048,ELEC,محول اليافطة,عدد,917.0,750.0,1000.0,معتمد,أرشيف تاريخي 2023-2024,محول Aلليافطة,1
ELEC-049,ELEC,اسبوت ورم دبلة,عدد,250.0,250.0,250.0,معتمد,أرشيف تاريخي 2023-2024,,1
ELEC-050,ELEC,اسبوت ورم لديكورات الخشب خارج الفرع,مقطوعية,600.0,600.0,600.0,معتمد,أرشيف تاريخي 2023-2024,,1
ELEC-051,ELEC,اسبوط,عدد,250.0,250.0,250.0,معتمد,أرشيف تاريخي 2023-2024,,1
ELEC-052,ELEC,اسبوط اشنايدر,عدد,300.0,300.0,300.0,معتمد,أرشيف تاريخي 2023-2024,,1
ELEC-053,ELEC,الصيانة ليد الورم + ليد ورق الشجر,مقطوعية,400.0,400.0,400.0,معتمد,أرشيف تاريخي 2023-2024,,1
ELEC-054,ELEC,الكهرباء وتوصيلات المياه للسخن,غير محدد,,,,معتمد,أرشيف تاريخي 2023-2024,,1
ELEC-055,ELEC,المراجعة على كهرباء الفرع,مقطوعية,300.0,300.0,300.0,معتمد,أرشيف تاريخي 2023-2024,,1
ELEC-056,ELEC,بالمتر -تم توريد وتركيب تجليد حائط طوب,متر مربع,1500.0,1500.0,1500.0,معتمد,أرشيف تاريخي 2023-2024,,1
ELEC-057,ELEC,بريزه / مفتاح ليجرند والسعر يشمل الاكسسوارات وكافة ما يلزم من مواد و معدات,مقطوعية,3000.0,3000.0,3000.0,معتمد,أرشيف تاريخي 2023-2024,,1
ELEC-058,ELEC,بريزه قوه+بريزه عاده والسعر يشمل الاكسسوارات والتوصيل وكل مايلزم لانتهاء البند,مقطوعية,1000.0,1000.0,1000.0,معتمد,أرشيف تاريخي 2023-2024,,1
ELEC-059,ELEC,بكرة ليدا بروفايل,متر طولي,250.0,250.0,250.0,معتمد,أرشيف تاريخي 2023-2024,,1
ELEC-060,ELEC,تجليد خشب للوجها,متر طولي,1000.0,1000.0,1000.0,معتمد,أرشيف تاريخي 2023-2024,,1
ELEC-061,ELEC,تجليدة ابلكاش اسود MDf,مقطوعية,250.0,250.0,250.0,معتمد,أرشيف تاريخي 2023-2024,,1
ELEC-062,ELEC,تجليده لجانبي الكونتتر و الكاشير من الواح البيتش باين والبند يشمل الإكسسوارات وكل ما يلزم لحين الانتهاء,مقطوعية,7500.0,7500.0,7500.0,معتمد,أرشيف تاريخي 2023-2024,,1
ELEC-063,ELEC,تراك الصفا,عدد,850.0,850.0,850.0,معتمد,أرشيف تاريخي 2023-2024,,1
ELEC-064,ELEC,تراك خارجي,عدد,50.0,50.0,50.0,معتمد,أرشيف تاريخي 2023-2024,,1
ELEC-065,ELEC,تراك شواب,عدد,850.0,850.0,850.0,معتمد,أرشيف تاريخي 2023-2024,,1
ELEC-066,ELEC,تراك مروحة الصفا,عدد,850.0,850.0,850.0,معتمد,أرشيف تاريخي 2023-2024,,1
ELEC-067,ELEC,تغطيه كبلات الكهربا المكشوفه باعلي الوحده وتم تركيب كشافات طوارق باعلي الوحدة,مقطوعية,3000.0,3000.0,3000.0,معتمد,أرشيف تاريخي 2023-2024,,1
ELEC-068,ELEC,توريد وتسليم الفرع كشاف كومبكت,عدد,250.0,250.0,250.0,معتمد,أرشيف تاريخي 2023-2024,,1
ELEC-069,ELEC,توريد وتغير بريزة,عدد,400.0,400.0,400.0,معتمد,أرشيف تاريخي 2023-2024,,1
ELEC-070,ELEC,توريد وتغير بلاطه ليد ابيض السويدي,مقطوعية,9000.0,9000.0,9000.0,معتمد,أرشيف تاريخي 2023-2024,,1
ELEC-071,ELEC,توريد وتغير شاسية,عدد,200.0,200.0,200.0,معتمد,أرشيف تاريخي 2023-2024,,1
ELEC-072,ELEC,توريد وتغير طقم بريزة عاده وقوه جمب الهورمن,عدد,800.0,800.0,800.0,معتمد,أرشيف تاريخي 2023-2024,,1
ELEC-073,ELEC,توريد وتغير قاطع A,عدد,400.0,400.0,400.0,معتمد,أرشيف تاريخي 2023-2024,,1
ELEC-074,ELEC,توريد وتغير قاطع اوتمتك اشنايدر,عدد,300.0,300.0,300.0,معتمد,أرشيف تاريخي 2023-2024,,1
ELEC-075,ELEC,توريد وتغير ليد اليافطه ابيض ماركه سامسونج هاي باور,مقطوعية,1000.0,1000.0,1000.0,معتمد,أرشيف تاريخي 2023-2024,,1
ELEC-076,ELEC,توريد وتغير ليد اليافطه مع محول التوصيل باور سبلي,مقطوعية,2400.0,2400.0,2400.0,معتمد,أرشيف تاريخي 2023-2024,,1
ELEC-077,ELEC,توريد وتغير محول توصيل,عدد,300.0,300.0,300.0,معتمد,أرشيف تاريخي 2023-2024,,1
ELEC-078,ELEC,توريد وتغير محول توصيل للكشافات الكومباكت,مقطوعية,600.0,600.0,600.0,معتمد,أرشيف تاريخي 2023-2024,,1
ELEC-079,ELEC,توصيل علي سلك الارضي في مسار الكاشير,مقطوعية,500.0,500.0,500.0,معتمد,أرشيف تاريخي 2023-2024,,1
ELEC-080,ELEC,حرف ليد في اليافطة,مقطوعية,300.0,300.0,300.0,معتمد,أرشيف تاريخي 2023-2024,,1
ELEC-081,ELEC,حساب اعمال الكهرباء,مقطوعية,300.0,300.0,300.0,معتمد,أرشيف تاريخي 2023-2024,,1
ELEC-082,ELEC,دلاية ليد,عدد,750.0,750.0,750.0,معتمد,أرشيف تاريخي 2023-2024,,1
ELEC-083,ELEC,دهان كشافات الوجها باللون الاسود,مقطوعية,300.0,300.0,300.0,معتمد,أرشيف تاريخي 2023-2024,,1
ELEC-084,ELEC,دواية ديكور,عدد,150.0,150.0,150.0,معتمد,أرشيف تاريخي 2023-2024,,1
ELEC-085,ELEC,دواية ديكور باكتوني بالمخزن,عدد,200.0,200.0,200.0,معتمد,أرشيف تاريخي 2023-2024,,1
ELEC-086,ELEC,سخان كهرباء فوري والسعر يشمل,عدد,13000.0,13000.0,13000.0,معتمد,أرشيف تاريخي 2023-2024,,1
ELEC-087,ELEC,سلك m مجدول,متر طولي,200.0,200.0,200.0,معتمد,أرشيف تاريخي 2023-2024,,1
ELEC-088,ELEC,سلك دلايلات,مقطوعية,1000.0,1000.0,1000.0,معتمد,أرشيف تاريخي 2023-2024,,1
ELEC-089,ELEC,سلك كاميرات,متر طولي,70.0,70.0,70.0,معتمد,أرشيف تاريخي 2023-2024,,1
ELEC-090,ELEC,سنفر+ لتجليد +الدهان بسلر الجزء السفلي,مقطوعية,,,,معتمد,أرشيف تاريخي 2023-2024,,1
ELEC-091,ELEC,شريط ليد بروفيل يشمل محول التوصيل,متر طولي,300.0,300.0,300.0,معتمد,أرشيف تاريخي 2023-2024,,1
ELEC-092,ELEC,صيانات موصلات الكهرباء,عدد,400.0,400.0,400.0,معتمد,أرشيف تاريخي 2023-2024,,1
ELEC-093,ELEC,صيانة الليد البروفيل اعلي وحدة الكاشير,مقطوعية,200.0,200.0,200.0,معتمد,أرشيف تاريخي 2023-2024,,1
ELEC-094,ELEC,صيانة اليافطة و مراجعه علي ليد الاضاءه,مقطوعية,1000.0,1000.0,1000.0,معتمد,أرشيف تاريخي 2023-2024,,1
ELEC-095,ELEC,صيانة طقم البرايزه في وحدة الكاشير,مقطوعية,200.0,200.0,200.0,معتمد,أرشيف تاريخي 2023-2024,,1
ELEC-096,ELEC,صيانة عود ليد الورمان واعادة تشغيله,عدد,200.0,200.0,200.0,معتمد,أرشيف تاريخي 2023-2024,,1
ELEC-097,ELEC,صيانة كشاف,مقطوعية,200.0,200.0,200.0,معتمد,أرشيف تاريخي 2023-2024,,1
ELEC-098,ELEC,صيانة كشاف الوجهة + تغير سلك الكشاف,مقطوعية,1000.0,1000.0,1000.0,معتمد,أرشيف تاريخي 2023-2024,,1
ELEC-099,ELEC,صيانة كشاف تراك,مقطوعية,200.0,200.0,200.0,معتمد,أرشيف تاريخي 2023-2024,,1
ELEC-100,ELEC,صيانة كشاف في المخزن,مقطوعية,200.0,200.0,200.0,معتمد,أرشيف تاريخي 2023-2024,,1
ELEC-101,ELEC,صيانة كشافات اب دون علي الوجهة,مقطوعية,300.0,300.0,300.0,معتمد,أرشيف تاريخي 2023-2024,,1
ELEC-102,ELEC,صيانة لمبة ديكور,مقطوعية,200.0,200.0,200.0,معتمد,أرشيف تاريخي 2023-2024,,1
ELEC-103,ELEC,صيانة لمبة في المخزن,مقطوعية,300.0,300.0,300.0,معتمد,أرشيف تاريخي 2023-2024,,1
ELEC-104,ELEC,صيانة لوحة الكهرباء للفرع,مقطوعية,300.0,300.0,300.0,معتمد,أرشيف تاريخي 2023-2024,,1
ELEC-105,ELEC,صيانة ليد لافته مضئه,مقطوعية,1500.0,1500.0,1500.0,معتمد,أرشيف تاريخي 2023-2024,,1
ELEC-106,ELEC,صيانة محول,عدد,200.0,200.0,200.0,معتمد,أرشيف تاريخي 2023-2024,,1
ELEC-107,ELEC,صيانة وتغير ليد اليافطة الوجها,عدد,,,,معتمد,أرشيف تاريخي 2023-2024,,1
ELEC-108,ELEC,صيانه القاطع الرئيسي,عدد,400.0,400.0,400.0,معتمد,أرشيف تاريخي 2023-2024,,1
ELEC-109,ELEC,صيانه طقم برايزه عند الكاشير,عدد,600.0,600.0,600.0,معتمد,أرشيف تاريخي 2023-2024,,1
ELEC-110,ELEC,صيانه للكهرباء العمومي للفرع,عدد,550.0,550.0,550.0,معتمد,أرشيف تاريخي 2023-2024,,1
ELEC-111,ELEC,طقم بريزة قوة + عادة,عدد,600.0,600.0,600.0,معتمد,أرشيف تاريخي 2023-2024,,1
ELEC-112,ELEC,طقم بريزه عاده ومفتاح اناره,مقطوعية,1000.0,1000.0,1000.0,معتمد,أرشيف تاريخي 2023-2024,,1
ELEC-113,ELEC,طقم دلية ديكور كامل + لمبة وارم,عدد,750.0,750.0,750.0,معتمد,أرشيف تاريخي 2023-2024,,1
ELEC-114,ELEC,عبوة قاطع على المفتاح,عدد,650.0,650.0,650.0,معتمد,أرشيف تاريخي 2023-2024,,1
ELEC-115,ELEC,عداد كهرباء,مقطوعية,22800.0,22800.0,22800.0,معتمد,أرشيف تاريخي 2023-2024,,1
ELEC-116,ELEC,علبه خارجيه لمخرج كهرباء الورمر,عدد,150.0,150.0,150.0,معتمد,أرشيف تاريخي 2023-2024,,1
ELEC-117,ELEC,عود دكت لتجميع مسارات الكابلات الخاصه بالكاميرات,مقطوعية,1400.0,1400.0,1400.0,معتمد,أرشيف تاريخي 2023-2024,,1
ELEC-118,ELEC,فتحة من لوحة الكهرباء لليافطة,مقطوعية,400.0,400.0,400.0,معتمد,أرشيف تاريخي 2023-2024,,1
ELEC-119,ELEC,قاطع A,عدد,450.0,450.0,450.0,معتمد,أرشيف تاريخي 2023-2024,,1
ELEC-120,ELEC,قاطع Aليد,عدد,350.0,350.0,350.0,معتمد,أرشيف تاريخي 2023-2024,,1
ELEC-121,ELEC,قاطع فاز A,عدد,3000.0,3000.0,3000.0,معتمد,أرشيف تاريخي 2023-2024,,1
ELEC-122,ELEC,قاعده خشبيه لتخزين عباره عن اللوح من الكونتر وحشوات من الخشب الموسكي عرض والسعر يشمل كل مايلزم لتسليم البند,مقطوعية,12000.0,12000.0,12000.0,معتمد,أرشيف تاريخي 2023-2024,,1
ELEC-123,ELEC,كابل نت كات بريميم لاين لتوصيل كامره بالمخزن,مقطوعية,2025.0,2025.0,2025.0,معتمد,أرشيف تاريخي 2023-2024,,1
ELEC-124,ELEC,كالون كهرباء,عدد,,,,معتمد,أرشيف تاريخي 2023-2024,,1
ELEC-125,ELEC,كاميرات سلك كات,متر طولي,75.0,75.0,75.0,معتمد,أرشيف تاريخي 2023-2024,,1
ELEC-126,ELEC,كشاف ابيض للمخزن,عدد,350.0,350.0,350.0,معتمد,أرشيف تاريخي 2023-2024,,1
ELEC-127,ELEC,كشاف اسلندر ورم,عدد,850.0,850.0,850.0,معتمد,أرشيف تاريخي 2023-2024,,1
ELEC-128,ELEC,كشاف بانل ابيض,عدد,400.0,400.0,400.0,معتمد,أرشيف تاريخي 2023-2024,,1
ELEC-129,ELEC,كشاف بنل ورم + ابيض,عدد,350.0,350.0,350.0,معتمد,أرشيف تاريخي 2023-2024,,1
ELEC-130,ELEC,كشاف سيف,عدد,400.0,400.0,400.0,معتمد,أرشيف تاريخي 2023-2024,,1
ELEC-131,ELEC,كشاف شوكة + صيانه كشاف,عدد,200.0,200.0,200.0,معتمد,أرشيف تاريخي 2023-2024,,1
ELEC-132,ELEC,كشاف فاكتور,عدد,400.0,400.0,400.0,معتمد,أرشيف تاريخي 2023-2024,,1
ELEC-133,ELEC,كشاف كومباكت فيكيتور,عدد,450.0,450.0,450.0,معتمد,أرشيف تاريخي 2023-2024,,1
ELEC-134,ELEC,كشاف كومبكت ابيض للمخزن,عدد,400.0,400.0,400.0,معتمد,أرشيف تاريخي 2023-2024,,1
ELEC-135,ELEC,كشاف واجهات ورم داون وتربروف,عدد,1500.0,1500.0,1500.0,معتمد,أرشيف تاريخي 2023-2024,,1
ELEC-136,ELEC,كشاف واجهة,عدد,1200.0,1200.0,1200.0,معتمد,أرشيف تاريخي 2023-2024,,1
ELEC-137,ELEC,كشاف وارم على الوجه,عدد,400.0,400.0,400.0,معتمد,أرشيف تاريخي 2023-2024,,1
ELEC-138,ELEC,كشاف وتربروف سويدي والسعر يشمل اللمبات والتوصيل وكافة .,مقطوعية,6000.0,6000.0,6000.0,معتمد,أرشيف تاريخي 2023-2024,,1
ELEC-139,ELEC,لحام شريط ليدا وإعادة تسبيت,عدد,150.0,150.0,150.0,معتمد,أرشيف تاريخي 2023-2024,,1
ELEC-140,ELEC,لفة سلك م السويدي+لفة خرطوم,مقطوعية,22000.0,22000.0,22000.0,معتمد,أرشيف تاريخي 2023-2024,,1
ELEC-141,ELEC,لمبة دلاية,عدد,200.0,200.0,200.0,معتمد,أرشيف تاريخي 2023-2024,,1
ELEC-142,ELEC,لمبة ديكور فيلبس,عدد,250.0,250.0,250.0,معتمد,أرشيف تاريخي 2023-2024,,1
ELEC-143,ELEC,لمبة ديكور+دواية ديكور في المخزن,عدد,200.0,200.0,200.0,معتمد,أرشيف تاريخي 2023-2024,,1
ELEC-144,ELEC,لمبة فلبس ورم,عدد,300.0,300.0,300.0,معتمد,أرشيف تاريخي 2023-2024,,1
ELEC-145,ELEC,لمبة كاسة علي الوجها,عدد,250.0,250.0,250.0,معتمد,أرشيف تاريخي 2023-2024,,1
ELEC-146,ELEC,لمبة ورم الجزيرة,عدد,250.0,250.0,250.0,معتمد,أرشيف تاريخي 2023-2024,,1
ELEC-147,ELEC,لمبه أبيض بالمخزن,عدد,1000.0,1000.0,1000.0,معتمد,أرشيف تاريخي 2023-2024,,1
ELEC-148,ELEC,لمبه ديكور فيلمنت ورم,مقطوعية,750.0,750.0,750.0,معتمد,أرشيف تاريخي 2023-2024,,1
ELEC-149,ELEC,لمبه ليد عاديه بالدواية,مقطوعية,1200.0,1200.0,1200.0,معتمد,أرشيف تاريخي 2023-2024,,1
ELEC-150,ELEC,لمبه ورم ديكور,عدد,100.0,100.0,100.0,معتمد,أرشيف تاريخي 2023-2024,,1
ELEC-151,ELEC,لوحة خشب للوحة الكهرباء +دلف+حلق,مقطوعية,1000.0,1000.0,1000.0,معتمد,أرشيف تاريخي 2023-2024,,1
ELEC-152,ELEC,لوحه كهرباء وتشمل قاطع رئسي ايرث ليكدج شنايدر,مقطوعية,11000.0,11000.0,11000.0,معتمد,أرشيف تاريخي 2023-2024,,1
ELEC-153,ELEC,ليد اليافطة,عدد,1200.0,1200.0,1200.0,معتمد,أرشيف تاريخي 2023-2024,,1
ELEC-154,ELEC,ليد بدون بروفيل اسفل الكونتر,مقطوعية,1250.0,1250.0,1250.0,معتمد,أرشيف تاريخي 2023-2024,,1
ELEC-155,ELEC,ليد بروفايل ورم للارفف والسعر يشمل التوصيل والمحول وكل مايلزم لانتهاء البند,مقطوعية,14000.0,14000.0,14000.0,معتمد,أرشيف تاريخي 2023-2024,,1
ELEC-156,ELEC,ليد هاي باور عدسه,مقطوعية,300.0,300.0,300.0,معتمد,أرشيف تاريخي 2023-2024,,1
ELEC-157,ELEC,ليد هاي باور لليافطة عدد,عدد,15.0,15.0,15.0,معتمد,أرشيف تاريخي 2023-2024,,1
ELEC-158,ELEC,محتويات الكهرباء,مقطوعية,1200.0,1200.0,1200.0,معتمد,أرشيف تاريخي 2023-2024,,1
ELEC-159,ELEC,محول توصيل مروحة,عدد,800.0,800.0,800.0,معتمد,أرشيف تاريخي 2023-2024,,1
ELEC-160,ELEC,محول ليد A,عدد,850.0,850.0,850.0,معتمد,أرشيف تاريخي 2023-2024,,1
ELEC-161,ELEC,محول ليد اليافطة A,عدد,1000.0,1000.0,1000.0,معتمد,أرشيف تاريخي 2023-2024,,1
ELEC-162,ELEC,مفتاح فاز اشنيدر للتكييفات,عدد,1000.0,1000.0,1000.0,معتمد,أرشيف تاريخي 2023-2024,,1
ELEC-163,ELEC,مفتاح كهرباء ماركه شواب,مقطوعية,350.0,350.0,350.0,معتمد,أرشيف تاريخي 2023-2024,,1
ELEC-164,ELEC,مفتاح للوحة الكهرباء,عدد,150.0,150.0,150.0,معتمد,أرشيف تاريخي 2023-2024,,1
ELEC-165,ELEC,مفتاح ليد كهرباء,عدد,300.0,300.0,300.0,معتمد,أرشيف تاريخي 2023-2024,,1
ELEC-166,ELEC,وتغير سلك كات,مقطوعية,700.0,700.0,700.0,معتمد,أرشيف تاريخي 2023-2024,,1
ELEC-167,ELEC,وتغير سلك كاتللكاشير,متر طولي,60.0,60.0,60.0,معتمد,أرشيف تاريخي 2023-2024,,1
ELEC-168,ELEC,وتغير لمبة + شاسي,عدد,200.0,200.0,200.0,معتمد,أرشيف تاريخي 2023-2024,,1
ELEC-169,ELEC,وتغير ليد الجانب الخارجي,متر طولي,300.0,300.0,300.0,معتمد,أرشيف تاريخي 2023-2024,,1
ELEC-170,ELEC,وتغير ليد الكاشير +البارسته,متر طولي,300.0,300.0,300.0,معتمد,أرشيف تاريخي 2023-2024,,1
ELEC-171,ELEC,وتغير ليد عاده دبل + فيشة,متر طولي,150.0,150.0,150.0,معتمد,أرشيف تاريخي 2023-2024,,1
ELEC-172,ELEC,وتغير محول توصيل ليد الكاشير,عدد,750.0,750.0,750.0,معتمد,أرشيف تاريخي 2023-2024,,1
ELEC-173,ELEC,تجليد طوب,مقطوعية,2000.0,2000.0,2000.0,معتمد,أرشيف تاريخي 2023-2024,,1
ELEC-174,ELEC,توريد وتغير كشاف سليندر الصفا,مقطوعية,4250.0,4250.0,4250.0,معتمد,أرشيف تاريخي 2023-2024,,1
ELEC-175,ELEC,سلك +خرطوم كاميرا تكمل في المخزن,مقطوعية,1000.0,1000.0,1000.0,معتمد,أرشيف تاريخي 2023-2024,,1
ELEC-176,ELEC,شريط ليد,متر طولي,240.0,240.0,240.0,معتمد,أرشيف تاريخي 2023-2024,,1
ELEC-177,ELEC,صيانة اليد داخل التجليد العلوية,مقطوعية,300.0,300.0,300.0,معتمد,أرشيف تاريخي 2023-2024,,1
ELEC-178,ELEC,صيانة دواية,مقطوعية,200.0,200.0,200.0,معتمد,أرشيف تاريخي 2023-2024,,1
ELEC-179,ELEC,طقم بريزة عادة + قوة وتشمل شاسية والوش,عدد,600.0,600.0,600.0,معتمد,أرشيف تاريخي 2023-2024,,1
ELEC-180,ELEC,عداد فاز جديد للفرع وتم فك وتنظيم لوحة الكهرباء لتنظيم الجهد الي فاز,مقطوعية,2000.0,2000.0,2000.0,معتمد,أرشيف تاريخي 2023-2024,,1
ELEC-181,ELEC,كشاف خارج داون لايت اسليندر,عدد,850.0,850.0,850.0,معتمد,أرشيف تاريخي 2023-2024,,1
ELEC-182,ELEC,لمبة,عدد,250.0,250.0,250.0,معتمد,أرشيف تاريخي 2023-2024,,1
ELEC-183,ELEC,لمبة داخل المخزن,عدد,250.0,250.0,250.0,معتمد,أرشيف تاريخي 2023-2024,,1
ELEC-184,ELEC,ليد لافتة,عدد,1200.0,1200.0,1200.0,معتمد,أرشيف تاريخي 2023-2024,,1
ELEC-185,ELEC,مفتاح كهرباء كونتكت,عدد,1800.0,1800.0,1800.0,معتمد,أرشيف تاريخي 2023-2024,,1
ELEC-186,ELEC,مفتاح كهرباء كونتكت للباب الشطر,عدد,1800.0,1800.0,1800.0,معتمد,أرشيف تاريخي 2023-2024,,1
SIGN-001,SIGN,صيانة لليافطة,عدد,400.0,200.0,700.0,معتمد,أرشيف تاريخي 2023-2024,صيانة اليافطة,1
SIGN-002,SIGN,هدر,عدد,350.0,350.0,350.0,معتمد,أرشيف تاريخي 2023-2024,,1
SIGN-003,SIGN,دلاية ديكور,عدد,625.0,400.0,850.0,معتمد,أرشيف تاريخي 2023-2024,دلية ديكور,1
SIGN-004,SIGN,صيانه دلية ديكور,عدد,525.0,500.0,550.0,معتمد,أرشيف تاريخي 2023-2024,,1
SIGN-005,SIGN,استاند تخزين مصنوع بالكامل من استانلس,مقطوعية,28000.0,28000.0,28000.0,معتمد,أرشيف تاريخي 2023-2024,,1
SIGN-006,SIGN,المراجعة و ظبط والدليات الديكور,مقطوعية,300.0,300.0,300.0,معتمد,أرشيف تاريخي 2023-2024,,1
SIGN-007,SIGN,بولات اكليرك تم تغير اللون,عدد,2500.0,2500.0,2500.0,معتمد,أرشيف تاريخي 2023-2024,,1
SIGN-008,SIGN,تقفيل اليافطة بالسيلكون,مقطوعية,300.0,300.0,300.0,معتمد,أرشيف تاريخي 2023-2024,,1
SIGN-009,SIGN,حروف اليافطة,مقطوعية,500.0,500.0,500.0,معتمد,أرشيف تاريخي 2023-2024,,1
SIGN-010,SIGN,دليه ديكور اعلي الورمر والكاشير والسعر يشمل المبات والتوصيل وكل مايلزم لحين انتهاء الاعمال,مقطوعية,6000.0,6000.0,6000.0,معتمد,أرشيف تاريخي 2023-2024,,1
SIGN-011,SIGN,صيانة للاضاءه باليافطة فك ومراجعه,مقطوعية,500.0,500.0,500.0,معتمد,أرشيف تاريخي 2023-2024,,1
SIGN-012,SIGN,فك اليافطة بالكامل وتنظفاها بالكامل وإعادة تركبها,مقطوعية,500.0,500.0,500.0,معتمد,أرشيف تاريخي 2023-2024,,1
SIGN-013,SIGN,قطعة اكريليك لليافطه من الخارج للفرع,مقطوعية,925.0,850.0,1000.0,معتمد,أرشيف تاريخي 2023-2024,,1
SIGN-014,SIGN,لحام وتلركيب حروف اليافطه الروسي,مقطوعية,500.0,500.0,500.0,معتمد,أرشيف تاريخي 2023-2024,,1
SIGN-015,SIGN,وحدة اسعار ديكور,متر طولي,1000.0,1000.0,1000.0,معتمد,أرشيف تاريخي 2023-2024,,1
SIGN-016,SIGN,اصلاح وتركيب حروف الافته الروسي,مقطوعية,300.0,300.0,300.0,معتمد,أرشيف تاريخي 2023-2024,,1
SIGN-017,SIGN,فك وتنظيف اليافطه مع المراجعه علي الاضاءه,مقطوعية,1000.0,1000.0,1000.0,معتمد,أرشيف تاريخي 2023-2024,,1
TROL-001,TROL,قضيب سوستة,متر طولي,233.0,200.0,300.0,معتمد,أرشيف تاريخي 2023-2024,,1
TROL-002,TROL,طقم عجلة ترولي,عدد,1500.0,500.0,2500.0,معتمد,أرشيف تاريخي 2023-2024,طقم عجل ترولي,1
TROL-003,TROL,طقم عجل ترولي ومراجعه علي لحامات الترولي,عدد,1250.0,850.0,1650.0,معتمد,أرشيف تاريخي 2023-2024,عجل ترولي ومراجعه علي لحامات الترولي,1
TROL-004,TROL,طقم عجل سوستة,عدد,400.0,400.0,400.0,معتمد,أرشيف تاريخي 2023-2024,,1
TROL-005,TROL,عجل سوستة,عدد,275.0,150.0,400.0,معتمد,أرشيف تاريخي 2023-2024,عجلة سوستة,1
TROL-006,TROL,عجلة ترولي,عدد,450.0,150.0,750.0,معتمد,أرشيف تاريخي 2023-2024,,1
TROL-007,TROL,وتغير طقم عجل ترولي,عدد,1625.0,750.0,2500.0,معتمد,أرشيف تاريخي 2023-2024,وتغير عجل ترولي,1
TROL-008,TROL,ترولي كامل,عدد,1000.0,1000.0,1000.0,معتمد,أرشيف تاريخي 2023-2024,,1
TROL-009,TROL,توريد وتغير قضيب المونيوم وطقم عجل بالدليل للوحدات التخزين,مقطوعية,1600.0,1600.0,1600.0,معتمد,أرشيف تاريخي 2023-2024,,1
TROL-010,TROL,صيانة الترولي وتغير زوية حديد,مقطوعية,500.0,500.0,500.0,معتمد,أرشيف تاريخي 2023-2024,,1
TROL-011,TROL,طقم عجل ترولي بوصه,عدد,2500.0,2500.0,2500.0,معتمد,أرشيف تاريخي 2023-2024,,1
TROL-012,TROL,طقم عجلة للجزيرة,طقم,2500.0,2500.0,2500.0,معتمد,أرشيف تاريخي 2023-2024,,1
TROL-013,TROL,فك مكان اللحام بنفس لون الترولي,مقطوعية,1000.0,1000.0,1000.0,معتمد,أرشيف تاريخي 2023-2024,,1
TROL-014,TROL,لحام عجلة الترولي وإعادة تركيبها,مقطوعية,1000.0,1000.0,1000.0,معتمد,أرشيف تاريخي 2023-2024,,1
TROL-015,TROL,لحام عجلة الترولي وتقوية الباقي,مقطوعية,1000.0,1000.0,1000.0,معتمد,أرشيف تاريخي 2023-2024,,1
TROL-016,TROL,نقل وصيانه الترولي وتركيب عجل وتوريد مره اخره للفرع,مقطوعية,2000.0,2000.0,2000.0,معتمد,أرشيف تاريخي 2023-2024,,1
TROL-017,TROL,نقل وصيانه وتوريد مره اخري ترولي,عدد,3000.0,3000.0,3000.0,معتمد,أرشيف تاريخي 2023-2024,,1
WOOD-001,WOOD,صيانة دلف الفرع بالكامل,مقطوعية,709.0,300.0,1500.0,معتمد,أرشيف تاريخي 2023-2024,دهان دلف الكونتر بالكامل، صيانة دلف الاستند الحديد بالكامل، صيانة دلف الحديد بالكامل، صيانة دلف الكونتر بالكامل، صيانة ودهان دلف الفرع بالكامل، صيانه دلف الكونتر + استاند حديد بالكامل، صيانه دلف الكونتر الخلفي,1
WOOD-002,WOOD,طبلية خشب سم,متر طولي,2500.0,2500.0,2500.0,معتمد,أرشيف تاريخي 2023-2024,طبلية خشب,1
WOOD-003,WOOD,صيانة للدلف الخشب,مقطوعية,575.0,200.0,1000.0,معتمد,أرشيف تاريخي 2023-2024,صيانة ارفف الخشب، صيانة الدلف الخشب,1
WOOD-004,WOOD,خشب المجرة,عدد,567.0,300.0,1000.0,معتمد,أرشيف تاريخي 2023-2024,خشب للمجرة,1
WOOD-005,WOOD,صيانة دلف وحدات الكاشير,مقطوعية,300.0,200.0,500.0,معتمد,أرشيف تاريخي 2023-2024,صيانة دلف خشب وحدة الكاشير,1
WOOD-006,WOOD,تراك فيلبس بالطرنظ,عدد,100.0,100.0,100.0,معتمد,أرشيف تاريخي 2023-2024,,1
WOOD-007,WOOD,دهان الوحدات الخشب بالون الاسود,عدد,250.0,200.0,300.0,معتمد,أرشيف تاريخي 2023-2024,,1
WOOD-008,WOOD,دهانات متنوعه بالفرع خشب وحوائط,عدد,700.0,200.0,1200.0,معتمد,أرشيف تاريخي 2023-2024,,1
WOOD-009,WOOD,صيانات الوحدات الخشبيه,عدد,650.0,300.0,1000.0,معتمد,أرشيف تاريخي 2023-2024,,1
WOOD-010,WOOD,عود مجرة سوستة,عدد,200.0,200.0,200.0,معتمد,أرشيف تاريخي 2023-2024,,1
WOOD-011,WOOD,قضيب مجرة,عدد,400.0,300.0,500.0,معتمد,أرشيف تاريخي 2023-2024,,1
WOOD-012,WOOD,مرايات من الخشب الكونتر pvc مقاس للوحدات الخشبيه,مقطوعية,1200.0,1200.0,1200.0,معتمد,أرشيف تاريخي 2023-2024,,1
WOOD-013,WOOD,مسطرة تراك,عدد,350.0,300.0,400.0,معتمد,أرشيف تاريخي 2023-2024,,1
WOOD-014,WOOD,مقبض درج,عدد,100.0,100.0,100.0,معتمد,أرشيف تاريخي 2023-2024,,1
WOOD-015,WOOD,اعادة دهان البيتش باين للفرع بالكامل بالسلير والبولي يروثيان ودهان الوحدات بالوان الاسود,مقطوعية,2000.0,2000.0,2000.0,معتمد,أرشيف تاريخي 2023-2024,,1
WOOD-016,WOOD,اعدة خشب,عدد,1500.0,1500.0,1500.0,معتمد,أرشيف تاريخي 2023-2024,,1
WOOD-017,WOOD,الصيانه المتنوع للوحدات الخشبيه وتغير الاكسسوارات اللزمة,مقطوعية,500.0,500.0,500.0,معتمد,أرشيف تاريخي 2023-2024,,1
WOOD-018,WOOD,المرجعة علي دلف الفرع بالكامل + الجزيرة,مقطوعية,1200.0,1200.0,1200.0,معتمد,أرشيف تاريخي 2023-2024,,1
WOOD-019,WOOD,اوشاط خشب بيتش,متر طولي,150.0,150.0,150.0,معتمد,أرشيف تاريخي 2023-2024,,1
WOOD-020,WOOD,بالمتر - تم توريد وتركيب الواح خشب طوب تم تصنيعه مطابقه الموصفات,متر مربع,1500.0,1500.0,1500.0,معتمد,أرشيف تاريخي 2023-2024,,1
WOOD-021,WOOD,برواز داخلي لتقوية الدلف من الداخل,مقطوعية,650.0,300.0,1000.0,معتمد,أرشيف تاريخي 2023-2024,,1
WOOD-022,WOOD,ترميم الخشب,مقطوعية,300.0,300.0,300.0,معتمد,أرشيف تاريخي 2023-2024,,1
WOOD-023,WOOD,تسبيت الارفف الاستند,مقطوعية,300.0,300.0,300.0,معتمد,أرشيف تاريخي 2023-2024,,1
WOOD-024,WOOD,تسبيت رف خشب,مقطوعية,300.0,300.0,300.0,معتمد,أرشيف تاريخي 2023-2024,,1
WOOD-025,WOOD,تقفيل علبة خشب +معجون+دهان +وش نظافة,مقطوعية,1500.0,1500.0,1500.0,معتمد,أرشيف تاريخي 2023-2024,,1
WOOD-026,WOOD,تقوية داخل الخزنة للارفف,مقطوعية,250.0,250.0,250.0,معتمد,أرشيف تاريخي 2023-2024,,1
WOOD-027,WOOD,تلميع خشب العمود الي الخارج,مقطوعية,,,,معتمد,أرشيف تاريخي 2023-2024,,1
WOOD-028,WOOD,توريد وتغير اوكرة دلف,عدد,100.0,100.0,100.0,معتمد,أرشيف تاريخي 2023-2024,,1
WOOD-029,WOOD,توريد وتغير شريط اسود للوحدات الخشبيه,عدد,450.0,450.0,450.0,معتمد,أرشيف تاريخي 2023-2024,,1
WOOD-030,WOOD,خشب mdf,مقطوعية,700.0,700.0,700.0,معتمد,أرشيف تاريخي 2023-2024,,1
WOOD-031,WOOD,خشب لارف الحديد,متر طولي,300.0,300.0,300.0,معتمد,أرشيف تاريخي 2023-2024,,1
WOOD-032,WOOD,خشب مجرة الأدراق الجرار,متر طولي,300.0,300.0,300.0,معتمد,أرشيف تاريخي 2023-2024,,1
WOOD-033,WOOD,دلف خشب للباسكت,مقطوعية,2500.0,2500.0,2500.0,معتمد,أرشيف تاريخي 2023-2024,,1
WOOD-034,WOOD,دلف وحدة الميزان كونتر مع بيتش باين,عدد,1000.0,1000.0,1000.0,معتمد,أرشيف تاريخي 2023-2024,,1
WOOD-035,WOOD,دهان الارفف للفرع بالكامل بالون الاصفر+ سيلر,مقطوعية,1500.0,1500.0,1500.0,معتمد,أرشيف تاريخي 2023-2024,,1
WOOD-036,WOOD,دهان الخشب اسود بالكامل,مقطوعية,1000.0,1000.0,1000.0,معتمد,أرشيف تاريخي 2023-2024,,1
WOOD-037,WOOD,دهان الدلف الخشب + الكاشير اسود,مقطوعية,500.0,500.0,500.0,معتمد,أرشيف تاريخي 2023-2024,,1
WOOD-038,WOOD,دهان الفرع حوائط وسقف وخشب واستندات,مقطوعية,5000.0,5000.0,5000.0,معتمد,أرشيف تاريخي 2023-2024,,1
WOOD-039,WOOD,دهان الفرع كامل + الوجهة + المخزن بدون تحريك الارفف,مقطوعية,5000.0,5000.0,5000.0,معتمد,أرشيف تاريخي 2023-2024,,1
WOOD-040,WOOD,دهان جمع دلف الفرع بالكامل بالون الأسود لاكيا,مقطوعية,2000.0,2000.0,2000.0,معتمد,أرشيف تاريخي 2023-2024,,1
WOOD-041,WOOD,دهان خشب البيتش باين,مقطوعية,,,,معتمد,أرشيف تاريخي 2023-2024,,1
WOOD-042,WOOD,دهان خشب الكونتر اسود,مقطوعية,2500.0,2500.0,2500.0,معتمد,أرشيف تاريخي 2023-2024,,1
WOOD-043,WOOD,دهان سيلر للخشب الوجهه البتش باين,مقطوعية,1000.0,1000.0,1000.0,معتمد,أرشيف تاريخي 2023-2024,,1
WOOD-044,WOOD,دولاب لوكار,متر مربع,7000.0,7000.0,7000.0,معتمد,أرشيف تاريخي 2023-2024,,1
WOOD-045,WOOD,سلسلة لدلف الترولي,مقطوعية,1750.0,1000.0,2500.0,معتمد,أرشيف تاريخي 2023-2024,,1
WOOD-046,WOOD,سنفرة الواجها بيتش باين,مقطوعية,500.0,500.0,500.0,معتمد,أرشيف تاريخي 2023-2024,,1
WOOD-047,WOOD,شريط خشب اسود,متر طولي,50.0,50.0,50.0,معتمد,أرشيف تاريخي 2023-2024,,1
WOOD-048,WOOD,صنفر اليافطة+ دهان البيتش ياين سيلر بيتش باين,مقطوعية,2000.0,2000.0,2000.0,معتمد,أرشيف تاريخي 2023-2024,,1
WOOD-049,WOOD,صنفرة الارفف الفرع بالكامل + دهان سيلر,مقطوعية,800.0,800.0,800.0,معتمد,أرشيف تاريخي 2023-2024,,1
WOOD-050,WOOD,صنفرة خشب الوجهة + دهان سلير,مقطوعية,1500.0,1500.0,1500.0,معتمد,أرشيف تاريخي 2023-2024,,1
WOOD-051,WOOD,صيانة التراك وتثبيت,مقطوعية,300.0,300.0,300.0,معتمد,أرشيف تاريخي 2023-2024,,1
WOOD-052,WOOD,صيانة الدلف وإعادة تركيبها,عدد,250.0,250.0,250.0,معتمد,أرشيف تاريخي 2023-2024,,1
WOOD-053,WOOD,صيانة دلف الحديد المخزن بالكامل +++++,مقطوعية,1000.0,1000.0,1000.0,معتمد,أرشيف تاريخي 2023-2024,,1
WOOD-054,WOOD,صيانة دلف الفرع,مقطوعية,300.0,300.0,300.0,معتمد,أرشيف تاريخي 2023-2024,,1
WOOD-055,WOOD,صيانة دلف الكونتر + سنفرة + دهان سلر,مقطوعية,1000.0,1000.0,1000.0,معتمد,أرشيف تاريخي 2023-2024,,1
WOOD-056,WOOD,صيانة دلف الكونتر+الورم+الحديد باكامل,مقطوعية,500.0,500.0,500.0,معتمد,أرشيف تاريخي 2023-2024,,1
WOOD-057,WOOD,صيانة ديكور الوحدات وتكميل البيتش باين,مقطوعية,300.0,300.0,300.0,معتمد,أرشيف تاريخي 2023-2024,,1
WOOD-058,WOOD,صيانة مسطرة التراك + تركيب مشتركين,مقطوعية,300.0,300.0,300.0,معتمد,أرشيف تاريخي 2023-2024,,1
WOOD-059,WOOD,صيانة وحدات التخزين وتركيب البيتش باين,مقطوعية,300.0,300.0,300.0,معتمد,أرشيف تاريخي 2023-2024,,1
WOOD-060,WOOD,صيانه بوحدة التخزين اخشبيه,عدد,200.0,200.0,200.0,معتمد,أرشيف تاريخي 2023-2024,,1
WOOD-061,WOOD,صيانه تراك,عدد,600.0,600.0,600.0,معتمد,أرشيف تاريخي 2023-2024,,1
WOOD-062,WOOD,صيانه دلفة دولاب,مقطوعية,250.0,250.0,250.0,معتمد,أرشيف تاريخي 2023-2024,,1
WOOD-063,WOOD,طقم جرار درج لوحدة الادراج بالكونتر,مقطوعية,900.0,900.0,900.0,معتمد,أرشيف تاريخي 2023-2024,,1
WOOD-064,WOOD,طقم جرار عجل لدلف وحدات الكونتر,عدد,800.0,800.0,800.0,معتمد,أرشيف تاريخي 2023-2024,,1
WOOD-065,WOOD,طقم عجل للدلف الخشب,عدد,300.0,300.0,300.0,معتمد,أرشيف تاريخي 2023-2024,,1
WOOD-066,WOOD,طقم عجل للدلف الوحدات,عدد,300.0,300.0,300.0,معتمد,أرشيف تاريخي 2023-2024,,1
WOOD-067,WOOD,طقم عجلة للدلف,عدد,150.0,150.0,150.0,معتمد,أرشيف تاريخي 2023-2024,,1
WOOD-068,WOOD,طقم مجرة للدرج مرحلة,عدد,400.0,400.0,400.0,معتمد,أرشيف تاريخي 2023-2024,,1
WOOD-069,WOOD,عجل و دليل لدلف الوحدات الخشبيه,عدد,150.0,150.0,150.0,معتمد,أرشيف تاريخي 2023-2024,,1
WOOD-070,WOOD,عجلة للدلف,عدد,200.0,200.0,200.0,معتمد,أرشيف تاريخي 2023-2024,,1
WOOD-071,WOOD,عود مجرة معدنية سوستة,متر طولي,200.0,200.0,200.0,معتمد,أرشيف تاريخي 2023-2024,,1
WOOD-072,WOOD,غطاء خشب متحرك,عدد,300.0,300.0,300.0,معتمد,أرشيف تاريخي 2023-2024,,1
WOOD-073,WOOD,فك ارفف المخزن وتقطيع الالوح لوحدات التخزين الجديده,مقطوعية,3000.0,3000.0,3000.0,معتمد,أرشيف تاريخي 2023-2024,,1
WOOD-074,WOOD,فك خشب الوجها وتركيبه للمول,مقطوعية,500.0,500.0,500.0,معتمد,أرشيف تاريخي 2023-2024,,1
WOOD-075,WOOD,قرصة خشاب للجزيرة كونتر,مقطوعية,250.0,250.0,250.0,معتمد,أرشيف تاريخي 2023-2024,,1
WOOD-076,WOOD,قرصة خشب بقشاط بيتش باين,عدد,600.0,600.0,600.0,معتمد,أرشيف تاريخي 2023-2024,,1
WOOD-077,WOOD,قشاط بيتش باين لأطار الرفوف,عدد,100.0,100.0,100.0,معتمد,أرشيف تاريخي 2023-2024,,1
WOOD-078,WOOD,قضيب مجرة المونيتال م,مقطوعية,1200.0,1200.0,1200.0,معتمد,أرشيف تاريخي 2023-2024,,1
WOOD-079,WOOD,قطع خشب بالمجرة,متر طولي,200.0,200.0,200.0,معتمد,أرشيف تاريخي 2023-2024,,1
WOOD-080,WOOD,قطعة بيتش باين,مقطوعية,500.0,500.0,500.0,معتمد,أرشيف تاريخي 2023-2024,,1
WOOD-081,WOOD,قطعة خشب للجزيرة,مقطوعية,300.0,300.0,300.0,معتمد,أرشيف تاريخي 2023-2024,,1
WOOD-082,WOOD,قعدة خشب اسود,متر طولي,600.0,600.0,600.0,معتمد,أرشيف تاريخي 2023-2024,,1
WOOD-083,WOOD,لاصق شريط اسود للدلف بوحدات الكونتر,مقطوعية,250.0,250.0,250.0,معتمد,أرشيف تاريخي 2023-2024,,1
WOOD-084,WOOD,مجرة المونيوم للدلف الجرار,عدد,250.0,250.0,250.0,معتمد,أرشيف تاريخي 2023-2024,,1
WOOD-085,WOOD,مجرة دليل,متر طولي,200.0,200.0,200.0,معتمد,أرشيف تاريخي 2023-2024,,1
WOOD-086,WOOD,مجرة دورج,عدد,,,,معتمد,أرشيف تاريخي 2023-2024,,1
WOOD-087,WOOD,مجرة معدنية للدلف م+عود,مقطوعية,250.0,250.0,250.0,معتمد,أرشيف تاريخي 2023-2024,,1
WOOD-088,WOOD,مريات ارفف المخزن طوالي,مقطوعية,2000.0,2000.0,2000.0,معتمد,أرشيف تاريخي 2023-2024,,1
WOOD-089,WOOD,مسطرة تراك اسود,عدد,300.0,300.0,300.0,معتمد,أرشيف تاريخي 2023-2024,,1
WOOD-090,WOOD,مقبض استلس للدلف,عدد,150.0,150.0,150.0,معتمد,أرشيف تاريخي 2023-2024,,1
WOOD-091,WOOD,مقبض دلف,عدد,150.0,150.0,150.0,معتمد,أرشيف تاريخي 2023-2024,,1
WOOD-092,WOOD,نقل وحدة تخزين في المخزن و تم صيانه خشب المخزن,مقطوعية,300.0,300.0,300.0,معتمد,أرشيف تاريخي 2023-2024,,1
WOOD-093,WOOD,هيدر من الخشب البتش باين والاكليرك الشفاف,مقطوعية,2400.0,2400.0,2400.0,معتمد,أرشيف تاريخي 2023-2024,,1
WOOD-094,WOOD,و تركيب وش طبلون خشب ديكور,عدد,500.0,500.0,500.0,معتمد,أرشيف تاريخي 2023-2024,,1
WOOD-095,WOOD,وحدات ارفف اماميه من الخشب الكونتتر دهان اسود تشمل مرايات من قطاعات خشب البيتش باين دهان باللون المطلوب من البولي يوريثان بعد التجهيز بالسيلر,مقطوعية,65800.0,65800.0,65800.0,معتمد,أرشيف تاريخي 2023-2024,,1
WOOD-096,WOOD,وحدات ارفف للتخزين مصنعه من الهياكل المعدنية قطاع زاويه.,مقطوعية,64000.0,64000.0,64000.0,معتمد,أرشيف تاريخي 2023-2024,,1
WOOD-097,WOOD,وحدات ارفف للتخزين من الهياكل المعدنية قطاع,مقطوعية,105000.0,105000.0,105000.0,معتمد,أرشيف تاريخي 2023-2024,,1
WOOD-098,WOOD,وحدات تخزين بدون الواح خشب لاستخدام الالوح السابقه وتم خصم نسبة الخشب,مقطوعية,33750.0,33750.0,33750.0,معتمد,أرشيف تاريخي 2023-2024,,1
WOOD-099,WOOD,وحدات تخزين سفلية من الخشب الكونتتر قشرة PVC اسود و الدلف من الخشب الكونتتر قشرة PVC اسود ومثبت عليه شرائح من البيتش باين. ارتفاع .,مقطوعية,69600.0,69600.0,69600.0,معتمد,أرشيف تاريخي 2023-2024,,1
WOOD-100,WOOD,وحدات عرض مدرج عدد ارفف من الكونتر الاسود والبتش باين تصنيع وتوريد,مقطوعية,20000.0,20000.0,20000.0,معتمد,أرشيف تاريخي 2023-2024,,1
WOOD-101,WOOD,وحدة الرفف ارفف,مقطوعية,7000.0,7000.0,7000.0,معتمد,أرشيف تاريخي 2023-2024,,1
WOOD-102,WOOD,وحدة تخزين خشبيه,مقطوعية,16800.0,16800.0,16800.0,معتمد,أرشيف تاريخي 2023-2024,,1
WOOD-103,WOOD,وحده خشب دلف,مقطوعية,1500.0,1500.0,1500.0,معتمد,أرشيف تاريخي 2023-2024,,1
WOOD-104,WOOD,وحده خشبيه لصندوق المهملات طبقاً لوحدات الكونتر,مقطوعية,7000.0,7000.0,7000.0,معتمد,أرشيف تاريخي 2023-2024,,1
WOOD-105,WOOD,وحده خشبيه مقاس,متر مربع,7000.0,7000.0,7000.0,معتمد,أرشيف تاريخي 2023-2024,,1
WOOD-106,WOOD,اكرة دلف,عدد,150.0,150.0,150.0,معتمد,أرشيف تاريخي 2023-2024,,1
WOOD-107,WOOD,المراجعه علي الوحدات الخشبيه بالكامل,مقطوعية,600.0,600.0,600.0,معتمد,أرشيف تاريخي 2023-2024,,1
WOOD-108,WOOD,توريد وتقويه الوحدات الخشبيه بالكامل تم تركيب زاويه معدنيه لفرع المناره,مقطوعية,1000.0,1000.0,1000.0,معتمد,أرشيف تاريخي 2023-2024,,1
WOOD-109,WOOD,توريد وتقويه الوحدات الخشبيه بالكامل لفرع المناره وتم تركيب زاويه معدنيه,مقطوعية,1200.0,1200.0,1200.0,معتمد,أرشيف تاريخي 2023-2024,,1
WOOD-110,WOOD,صيانة عجل الدلف الزجاج,مقطوعية,500.0,500.0,500.0,معتمد,أرشيف تاريخي 2023-2024,,1
WOOD-111,WOOD,صيانه دلف الخشب اسفل الاستندات,مقطوعية,850.0,850.0,850.0,معتمد,أرشيف تاريخي 2023-2024,,1
WOOD-112,WOOD,لوح خشب مل بجانب الوجهات,مقطوعية,1500.0,1500.0,1500.0,معتمد,أرشيف تاريخي 2023-2024,,1
WOOD-113,WOOD,وتقويه الوحدات الخشبيه بالكامل وام تركيب زاويه معدنيه للتثبيت,مقطوعية,1500.0,1500.0,1500.0,معتمد,أرشيف تاريخي 2023-2024,,1
